"identifier";"province";"district";"chiefdom";"community";"water point name";"implementing partner";"facility";"geo latitude";"geo longitude";"geo elevation";"water_supply_type";"pH high";"pH low";"ammonia";"fluoride";"iron";"nitrate";"phosphate";"potassium";"sulfate";"nitrite";"chloride";"turbidity";"electrical conductivity";"temperature";"barcode";"ecoli risk indication";"MPN_100ml";"conf_inter_95";"risk_assessment"
"4ccc-sj1u-6fjm";"Eastern";"Kenema";"Lower Bambara";"BUIMA TONGO";"RC PRI BUIMA WATER POINT";"4";"School";"8.216168333333334";"-11.059544999999998";"207.0";"New hand dug well - handpump";7,55;NA;0,06;0,05;0,2;17,6;0,31;4;100;0,01;NA;0;361;33,7;"03860";"Intermediate Risk / Possibly Safe";"9.6";"37.68";1
"c75v-701b-24en";"Eastern";"Kenema";"Lower Bambara";"NGIEHUN";"EVANGELICAL PRI SCH NGIEHUN WATER POINT";"4";"School";"8.163506666666667";"-11.089820000000001";"264.5";"New hand dug well - handpump";6,5;NA;0,07;0,19;0,1;2,4;2,05;0,6;26;0,01;NA;0;52;33,6;"03855";"Intermediate Risk / Probably Safe";"1.5";"7.81";3
"hucb-px3b-34nu";"Eastern";"Kenema";"Lower Bambara";"DONDOMA TONGO";"KNOW YOUR RELIGION ISLAMIC PRI SCH WATER POINT";"5";"School";"8.220281666666667";"-11.053241666666668";"183.9";"New hand dug well - handpump";7,62;NA;0,05;0,06;NA;5,8;0,05;0,6;11;0,01;NA;0;222;33,7;"03859";"Intermediate Risk / Probably Safe";"1.2";"5.64";2
"bh4k-yu6y-te2w";"Eastern";"Kenema";"Lower Bambara";"LALEHUN";"RC PRI SCH WATER POINT LALEHUN";"4";"School";"8.200565000000001";"-11.080589999999999";"246.8";"New hand dug well - handpump";6,5;NA;0,03;0,05;0,09;1,6;0,13;0,7;5;0,01;NA;0;118;33,9;"03856";"Intermediate Risk / Possibly Safe";"4.7";"22.75";1
"neh7-88nr-7vpn";"Eastern";"Kenema";"Lower Bambara";"BOMIE TONGO";"EVANGELICAL PRI SCH WATER POINT BOMIE";"4";"School";"8.227305";"-11.048646666666665";"219.8";"New hand dug well - handpump";6,52;NA;0,02;0,34;0,11;1,5;0,05;0,7;5;0,01;NA;0;82;34,1;"03858";"Low Risk / Safe";"0";"2.87";1
"fvrv-c59r-2exc";"Eastern";"Kenema";"Lower Bambara";"BOMIE TONGO";"NATIONAL ISLAMIC PRI SCH WATER POINT BOMIE";"4";"School";"8.228841666666666";"-11.046946666666667";"211.3";"New hand dug well - handpump";6,5;NA;0,03;0,05;NA;1;0,2;0,7;5;NA;NA;0;48;34,3;"03857";"Intermediate Risk / Probably Safe";"1.2";"5.64";1
"cset-ngu4-7dns";"North Western";"Port Loko";"Marampa";"LUNSAR";"8A OLD TOWN ROAD, LUNSAR";NA;"Community water point";"8.678453333333332";"-12.533165";"50.6";"New borehole with mechanised pump";6,5;NA;0,1;0,31;0,31;5,3;0,17;6,7;5;0,03;NA;0;104;NA;"02093";"Intermediate Risk / Probably Safe";"3.2";"8.38";2
"jgah-tn3j-mcyu";"North Western";"Karene";"Buya";"GBOMSAMBA";"GBOMSAMBA CHP";NA;"PHU";"8.803355";"-12.358006666666665";"62.4";"New borehole with mechanised pump";6,5;NA;0,02;0,05;0,92;1;0,12;1,8;5;0,01;NA;12;92;NA;"02091";"Intermediate Risk / Probably Safe";"2";"6.32";1
"spe1-tauk-7shr";"North Western";"Port Loko";"Marampa";"MAGBIL";"MAGBIL CHP";NA;"PHU";"8.693765";"-12.489066666666668";"68.5";"Rehabilitated hand dug well with mechanised pump";6,5;NA;0,11;0,05;0,11;2,3;0,06;0,6;60;0,01;NA;0;50;NA;"02092";"Intermediate Risk / Probably Safe";"2";"6.32";2
"c2xw-asqc-ef79";"Southern";"Bo";"Selenga";NA;NA;NA;NA;"8.124043333333333";"-11.704338333333332";"50.0";"New hand dug well with mechanised pump";7,8;NA;NA;NA;NA;1,8;0,05;NA;NA;NA;NA;NA;208;NA;"03391";"Intermediate Risk / Possibly Safe";"4.7";"22.75";5
"u4a4-1cd7-symc";"Northern";"Bombali";"Safroko Limba";"KABOMBEH CHP";"HANDDUG WELL";NA;"PHU";"8.875515";"-11.9954927";"119.11000061035156";"Rehabilitated hand dug well - handpump";6,61;NA;0,04;0,05;0,11;NA;0,05;1,7;5;0,01;NA;0;56;NA;"02120";"High Risk / Possibly Unsafe";"13.6";"83.06";3
"tdxu-ufuc-m0tw";"Northern";"Bombali";"Safroko Limba";"KADALA PRI SCH";"HAND DUG WELL";NA;"School";"9.0398033";"-11.8167828";"164.36000061035156";"New hand dug well - handpump";7,68;NA;0,05;0,05;0,02;2,4;0,09;1,8;100;0,01;NA;0;261;NA;"02124";"Low Risk / Safe";"0";"2.87";1
"pnm8-mgyj-4j6x";"Northern";"Bombali";"Safroko Limba";"KAMONKOH";"HAND DUG WELL";NA;"Community water point";"9.0070726";"-11.8565682";"145.69000244140625";"New hand dug well - handpump";6,5;NA;0,02;0,05;0,05;1;NA;0,6;49;0,01;NA;0;106;NA;"02121";"Very High Risk / Unsafe";">100";"9435.1";0
"mpbb-dj4j-bqd8";"Northern";"Bombali";"Biriwa";"KANIKAY JUNCTION";"HAND DUG WELL";NA;"Community water point";"9.3191687";"-11.870072";"158.1699981689453";"New hand dug well - handpump";6,5;NA;0,02;0,05;0,02;6,4;0,05;0,9;39;0,01;NA;0;106;NA;"02119";"Very High Risk / Unsafe";">100";"9435.1";3
"ujqv-7h1s-jgjd";"Northern";"Bombali";"Safroko Limba";"KABARAY COMMUNITY SCH";"HAND DUG WELL";NA;"School";"8.9995919";"-11.8661583";"145.9199981689453";"New hand dug well - handpump";6,5;NA;0,02;0,05;0,02;1;0,22;7,9;49;0,01;NA;0;146;NA;"02123";"Very High Risk / Unsafe";">100";"9435.1";3
"n60c-87dd-jmab";"Northern";"Bombali";"Biriwa";"KAMABIA WCSL PRI SCH";"BOREHOLE";NA;"School";"9.15001692250371";"-11.964247534051538";"122.5";"New borehole - handpump";7,33;NA;0,21;0,05;0,68;1;0,05;1,7;31;0,04;NA;91;224;NA;"02115";"Low Risk / Safe";"0";"2.87";0
"vxaj-awgb-6gaj";"Northern";"Bombali";"Biriwa";"BANDAKORO";"HAND DUG WELL";NA;"Community water point";"9.3051323";"-11.9459869";"156.86000061035156";"New hand dug well - handpump";6,5;NA;0,02;0,05;0,02;6,6;0,05;0,9;18;0,01;NA;0;172;NA;"02118";"Very High Risk / Unsafe";">100";"9435.1";1
"9ebw-5ps0-2k8r";"Northern";"Tonkolili";"Kholifa Rowala";"MAFOMBA";"MAFOMBA SCHOOL WATER POINT";NA;"School";"8.637043333333335";"-12.039703333333334";"67.5";"New hand dug well - handpump";6,5;NA;0,05;NA;0,15;1;0,05;0,7;NA;0,01;NA;0;119;NA;"02004";"Intermediate Risk / Possibly Safe";"4.7";"22.75";4
"fvs7-nhn6-v0vk";"Northern";"Tonkolili";"Kholifa Rowala";"MABUM VILLAGE";"MABUM PHU WATER POINT";NA;"PHU";"8.650605";"-11.979541666666668";"69.3";"Rehabilitated hand dug well with mechanised pump";6,5;NA;0,03;NA;0,02;15,6;0,05;8,6;NA;0,01;NA;0;153;NA;"02001";"Very High Risk / Unsafe";">100";"9435.1";3
"6gm8-871f-2546";"Northern";"Tonkolili";"Kunike Barina";"MABORIE VILLAGE";"MABORIE PHU WATER WELL";NA;"PHU";"8.650841666666668";"-12.068248333333335";"63.8";"New borehole with mechanised pump";7,43;NA;0,05;NA;0,26;1;0,85;0,6;NA;0,01;NA;0;198;NA;"02003";"Very High Risk / Unsafe";">100";"9435.1";3
"r9c2-dwxn-bset";"Northern";"Tonkolili";"Kholifa Rowala";"MAMUNTHA PHU";"MAMUNTUA PHU WATER POINT";NA;"PHU";"8.632115";"-12.017778333333334";"56.4";"Rehabilitated hand dug well - handpump";6,5;NA;0,08;NA;0,12;1;0,05;0,6;NA;0,01;NA;0;0;NA;"02002";"Very High Risk / Unsafe";">100";"9435.1";6
"nux5-t5hh-ujtj";"Northern";"Bombali";"Gbanti";"SAWULIA PRI SCH";"HAND DUG WELL";NA;"School";"8.9360458";"-11.9971783";"152.5800018310547";"New hand dug well - handpump";6,71;NA;0,07;0,05;0,11;1;0,05;0,7;59;0,01;NA;0;879;NA;"02122";"Low Risk / Safe";"0";"2.87";1
"pg6q-3esx-7x55";"Northern";"Bombali";"Safroko Limba";"KAPETHE PRI SCH";"HAND DUG WELL";NA;"School";"8.986067944206297";"-11.97965171188116";"133.6999969482422";"New hand dug well with mechanised pump";6,76;NA;0,07;0,05;0,1;1;0,05;16;100;0,01;NA;0;160;NA;"02116";"High Risk / Probably Unsafe";"32.6";"145.55";2
"mp32-pdj0-ecq0";"North Western";"Karene";"Dibia";"KALANGBA";"CENTRAL TOWN";NA;"Community water point";"8.931485";"-12.581938333333335";"49.3";"New hand dug well - handpump";6,5;NA;0,18;0,05;0,02;7,3;0,05;4,4;21;0,01;NA;0;132;31,6;"02085";"Intermediate Risk / Possibly Safe";"3.1";"11.36";2
"c258-duw3-34t6";"North Western";"Port Loko";"Bureh";"MASSESSEH";"MASSESEH MCHP";NA;"PHU";"8.859663333333334";"-12.840254999999997";"32.0";"Rehabilitated hand dug well with submersible pump";7,59;NA;0,06;0,05;0,02;1;0,05;0,6;100;0,01;NA;8;155;32,8;"02084";"Very High Risk / Unsafe";">100";"9435.1";2
"a9ja-r74c-auef";"North Western";"Port Loko";"Bakeh Loko";"GBONKO KARENEH";"GBONKO KARENEH MCHP";NA;"PHU";"8.784028333333334";"-12.842475000000002";"17.5";"Rehabilitated hand dug well with submersible pump";6,5;NA;0,06;0,05;0,02;3,2;0,05;9,4;5;0,01;NA;0;76;33,2;"02083";"Intermediate Risk / Probably Safe";"2";"6.32";1
"upkq-e32j-7t9f";"North Western";"Port Loko";"Bakeh Loko";"PORT LOKO CITY";"MAYIBA BY MD SENRO'S RESIDENT";NA;"Community water point";"8.776866666666667";"-12.795065";"35.5";"New hand dug well - handpump";6,5;NA;0,05;0,05;0,02;1;0,05;0,6;35;0,01;NA;7;32;35;"02082";"Intermediate Risk / Probably Safe";"2";"6.32";2
"qyym-9q1u-sexd";"Northern";"Koinadugu";"Wara Wara Yagala";NA;NA;NA;NA;"9.500338333333334";"-11.597658333333333";"444.0";"Rehabilitated hand dug well with mechanised pump";6,5;NA;0,03;NA;0,04;1;0,05;0,7;5;0,01;NA;0;13;NA;"02310";"High Risk / Possibly Unsafe";"13.6";"83.06";1
"muqw-pcft-dr9j";"North Western";"Karene";"Buya";"PETIFU BUYA";"DEC PRIMARY SCHOOL";NA;"School";"8.823644999999999";"-12.427418333333332";"107.3";"New hand dug well - handpump";6,5;NA;0,06;0,05;0,15;1;0,05;0,6;5;0,01;NA;0;78;31,2;"02090";"Low Risk / Safe";"0";"2.87";3
"jw3d-s6s6-ntkk";"North Western";"Karene";"Dibia";"ROYALE";"DEC ROYALE";NA;"School";"8.881915";"-12.549538333333333";"55.5";"New hand dug well - handpump";7,8;NA;0,08;0,05;0,17;1;0,07;0,6;100;0,01;NA;0;214;32;"02086";"Intermediate Risk / Probably Safe";"2";"6.32";5
"x2es-4f4x-7x4b";"North Western";"Port Loko";"Thainkatopa";"ROGBANNEH";"ROGBANNEH MCHP";NA;"PHU";"8.844505";"-12.622811666666667";"44.6";"Rehabilitated borehole with mechanised pump";6,5;NA;0,05;0,05;0,32;6;0,05;0,8;28;0,01;NA;0;172;31,2;"02089";"Intermediate Risk / Probably Safe";"1";"4.74";2
"dc8k-009j-u8kw";"North Western";"Port Loko";"Thainkatopa";"ROBAKA";"BY ROBAKA DRY FLOOR";NA;"Community water point";"8.855878333333333";"-12.596806666666664";"53.5";"New hand dug well - handpump";6,5;NA;0,16;0,05;0,02;13,2;0,05;3,3;5;0,01;NA;0;149;32,2;"02088";"Intermediate Risk / Probably Safe";"1";"5.14";4
"ff3w-fjfg-8vqq";"Northern";"Tonkolili";"Tane";"ROSENGBEH VILLAGE";"ROSENBERG PHU";NA;"PHU";"8.585915";"-11.92728";"85.8";"New borehole with mechanised pump";6,5;NA;0,02;NA;0,15;1;0,05;0,7;NA;0,01;NA;0;46;NA;"02006";"Low Risk / Safe";"0";"2.87";3
"8uy1-9myh-sjrn";"Northern";"Tonkolili";"Kholifa Rowala";"MABAI VILLAGE";"MABAI PHU WATER POINT";NA;"PHU";"8.68009";"-11.898118333333333";"106.4";"New borehole with mechanised pump";6,5;NA;0,02;NA;0,02;1;0,05;1;NA;0,01;NA;0;98;NA;"02005";"Low Risk / Safe";"0";"2.87";2
"tdf3-e14y-qerw";"Northern";"Tonkolili";"Kholifa Rowala";"MAGBASS VILlAGE";"MAGBASS PHU WATER POINT";NA;"PHU";"8.678505";"-12.001333333333331";"78.5";"Rehabilitated borehole with mechanised pump";7,8;NA;0,08;NA;0,35;1;1,13;0,9;NA;0,01;NA;0;255;NA;"02030";"Intermediate Risk / Possibly Safe";"5.4";"12.93";0
"brnm-m18m-w04e";"Northern";"Tonkolili";"Tane";"MANGABANA VILLAGE";"MANGABANA MCHP WATER POINT";NA;"PHU";"8.581818333333333";"-11.95257";"81.6";"New borehole with mechanised pump";6,5;NA;0,08;NA;0,07;1;0,05;0,6;NA;0,01;NA;0;252;NA;"02007";"Low Risk / Safe";"0";"2.87";3
"juw0-yhrx-3wa3";"North Western";"Karene";"Dibia";"MARON";"MARON CHP";NA;"PHU";"8.938391666666666";"-12.523598333333332";"191.5";"Rehabilitated hand dug well with mechanised pump";7,36;NA;0,12;0,05;0,02;1,7;0,05;0,7;18;0,01;NA;0;168;32,2;"02087";"Intermediate Risk / Possibly Safe";"4.7";"22.75";2
"9vy8-mgac-ajw5";"Northern";"Tonkolili";"Kholifa Rowala";"ROGBESSEH VILLAGE";"ROGBESSEH SLMB PRIMARY  SCHOOL";NA;"School";"8.773065";"-11.855896666666668";"115.7";"Rehabilitated hand dug well - handpump";6,5;NA;0,05;NA;0,21;3,6;1,29;1,9;NA;0,01;NA;0;255;NA;"02031";"Very High Risk / Unsafe";">100";"9435.1";1
"cqjb-uh9q-6qkh";"Northern";"Tonkolili";"Yoni Mabanta";"KITHBOI";"KITHBOI TDC RCA PRIMARY SCHOOL";NA;"School";"8.402478333333333";"-12.231055";"31.3";"New hand dug well - handpump";6,58;NA;0,03;NA;0,17;NA;0,05;0,6;5;0,01;NA;0;124;NA;"02010";"High Risk / Possibly Unsafe";"17.1";"56.35";5
"qacs-erfn-nj5k";"Northern";"Tonkolili";"Yoni Mamaila";"MAGBANTH";"MAGBANTH WATER POINT";NA;"Community water point";"8.426236666666666";"-12.403341666666666";"86.4";"New hand dug well - handpump";6,5;NA;0,06;NA;0,14;2,9;0,05;5,4;35;0,01;NA;0;162;NA;"02014";"Low Risk / Safe";"0";"2.87";1
"rbsp-97nw-7mtj";"Western";"Western Area Rur";"Waterloo Rural";"ROKEL";"ROKEL COMMUNITY HEALTH CENTER";NA;"PHU";"8.37869468470907";"-13.103859667076039";"100.62558314990228";"New borehole with submersible pump";6,5;NA;0,13;0,05;0,21;1,3;0,05;0,6;NA;0,02;0,5;0;25;29,7;"02060";"Low Risk / Safe";"0";"2.87";5
"6q9r-w47d-yd52";"Western";"Western Area Rur";"Waterloo Rural";"JUI";"JUI POLICE CLINIC";NA;"PHU";"8.396182518793381";"-13.14370748494721";"59.74006520943741";"New borehole with submersible pump";6,5;NA;0,14;0,05;0,02;1;0,06;0,8;NA;0,01;0,5;37;100;27,9;"02062";"Low Risk / Safe";"0";"2.87";3
"1c60-pamp-rupj";"Western";"Western Area Rur";"Waterloo Rural";"JUI";"JUI TECT COMMUNITY HEALTH POST";NA;"PHU";"8.4041605078467";"-13.134936408450727";"51.38495272504504";"New borehole with submersible pump";6,5;NA;0,14;0,05;1;1;0,14;0,6;NA;0,01;0,5;58;58;295;"02061";"Low Risk / Safe";"0";"2.87";2
"3d8j-4w3q-tb2h";"Western";"Western Area Rur";"Waterloo Rural";"SAMUEL TOWN";"MATINDI ROAD SAMUEL TOWN";NA;"Community water point";"8.305257502590699";"-13.076623586258043";"39.24035506870888";"Rehabilitated hand dug well - handpump";6,5;NA;0,06;0,05;0,11;2,9;0,05;6,1;NA;0,01;0,5;0;31;296;"02058";"Low Risk / Safe";"0";"2.87";1
"u2yj-yasc-qfd2";"Western";"Western Area Rur";"Koya Rural";"NEWTON";"MOSIGNOR DANIEL SULLIVAN CHC";NA;"PHU";"8.33620094840573";"-13.022212506402854";"51.20983719992543";"New borehole with submersible pump";6,5;NA;0,24;0,05;1;2,9;0,05;0,6;5;0,06;0,5;15;22;29,9;"02057";"High Risk / Possibly Unsafe";"13.6";"83.06";3
"ta88-kx66-e02n";"North Western";"Kambia";"Magbema";"ANSARUL PRIMARY SCHOOL";"ANSARUL";NA;"School";"9.129893618538013";"-12.89417024442036";"88.081981902458";"New hand dug well - handpump";6,86;NA;0,12;0,05;0,51;1;0,05;0,6;5;0,01;0,5;0;148;31,1;"03448";"Intermediate Risk / Possibly Safe";"9.6";"37.68";4
"te3s-xera-0hu0";"Southern";"Bonthe";"Sogbeni";"NAIJEH";"HAND DUG WELL";NA;"School";"7.605386666666668";"-12.079485";"-5.1";"Rehabilitated hand dug well - handpump";6,5;NA;0,17;0,05;0,06;1;0,09;0,7;5;0,01;11,9;0;42,3;45;"03498";"Low Risk / Safe";"0";"2.87";4
"5tbt-tg0k-jfu3";"Southern";"Bonthe";"Sogbeni";"SEMABU";"DEC PRIMARY SCHOOL";NA;"School";"7.597286666666667";"-12.082451666666667";"74.1";"New borehole - handpump";6,5;NA;0,07;0,05;1;1;0,07;0,7;5;0,01;6,6;0;32,3;51;"03499";"Intermediate Risk / Possibly Safe";"8.4";"21.19";1
"p8t0-cpbe-d7je";"Southern";"Moyamba";"Kaiyamba";"SALINA";"CHP SALINA";NA;"PHU";"8.16375061";"-12.42557203";"114.0";"Rehabilitated hand dug well - handpump";7,18;NA;0,05;0,05;0,02;1;0,05;0,6;5;0,01;NA;0;68;329;"03670";"Low Risk / Safe";"0";"2.87";3
"ktbm-5176-n91v";"North Western";"Kambia";"Magbema";"KDC CHURCH OF THE LORD PRIMARY SCHOOL KAMBIA";"KDC CHURCH OF THE LORD";NA;"School";"9.115001794880715";"-12.924115711939212";"57.113289311788094";"New hand dug well - handpump";6,5;NA;0,02;0,05;0,14;3,2;0,05;0,6;20;0,01;0,5;0;31;31,2;"03449";"High Risk / Probably Unsafe";"32.6";"145.55";2
"ebn5-wurr-ykv";"Southern";"Bonthe";"Sogbeni";"GRIMA";"RC SCHOOL";NA;"School";"7.582491666666666";"-12.071705000000001";"-202.1";"Rehabilitated hand dug well - handpump";6,5;NA;0,07;0,05;0,08;3;0,05;0,8;61;0,01;8,8;0;31,2;37;"03500";"High Risk / Possibly Unsafe";"13.6";"83.06";6
"qyvg-60kc-067n";"North Western";"Kambia";"Magbema";"AHMADIYYA PRIMARY SCHOOL KAMBIA";"AHMADIYY PRIMARY";NA;"School";"9.1168079968975";"-12.924626781602974";"59.82951858007446";"New hand dug well - handpump";6,5;NA;0,06;0,05;0,02;1;0,05;0,7;18;0,01;3,1;0;11;35,1;"03450";"Low Risk / Safe";"0";"2.87";1
"w1kq-mfw2-xn8v";"Northern";"Tonkolili";"Yoni Mabanta";"MAGBENKA";"MAGBENKA WATER POINT";NA;"Community water point";"8.413161666666667";"-12.25216";"55.2";"New hand dug well - handpump";6,73;NA;0,02;NA;0,02;3;0,05;NA;NA;NA;NA;0;157;NA;"02009";"High Risk / Possibly Unsafe";"13.6";"83.06";1
"1k6m-dhfu-6x2w";"Northern";"Tonkolili";"Yoni Mamaila";"MABUNDU VILLAGE";"MABUNDU WATER POINT";NA;"Community water point";"8.433251666666667";"-12.33599";"78.2";"New hand dug well - handpump";6,5;NA;0,04;NA;0,14;NA;0,05;NA;5;0,01;NA;0;161;25;"02013";"Very High Risk / Unsafe";">100";"9435.1";1
"7hsv-2pd6-d8b0";"North Western";"Port Loko";"Lokomasama";"THAFIN";"MASJID RAHMAN MOSQUE";NA;"Community water point";"8.819965";"-13.16667";"5.0";"New hand dug well - handpump";6,84;NA;0,04;0,28;0,02;2,2;0,05;3,2;5;0,01;NA;0;231;31,2;"02081";"Very High Risk / Unsafe";">100";"9435.1";3
"nnh1-1bt0-vj77";"North Western";"Port Loko";"Lokomasama";"KALANGBA JUNCTION";"MAPANG ROAD-BY PA NABIEU BANGURA'S RESIDENT";NA;"Community water point";"8.776086666666666";"-13.134768333333334";"0.2";"New borehole with submersible pump";6,5;NA;0,05;0,66;0,34;1;0,82;0,6;5;0,01;NA;188;33;31,1;"02080";"Intermediate Risk / Probably Safe";"2";"6.32";2
"uad4-fck5-jryk";"North Western";"Port Loko";"Lokomasama";"MANA II";"MANA II CHP";NA;"PHU";"8.708461666666667";"-12.969389999999999";"-29.1";"New borehole with submersible pump";6,5;NA;0,08;0,05;0,02;1;0,05;1,4;50;0,01;NA;5;37;33,3;"02079";"Intermediate Risk / Probably Safe";"2";"6.32";1
"wuvj-6wrh-c2uc";"North Western";"Port Loko";"Kamasondo";"MALAI BUNDU";"KANKALAY PRIMARY SCHOOL";NA;"School";"8.743536666666667";"-12.936985";"28.0";"New hand dug well - handpump";6,5;NA;0,05;0,05;0,02;1;0,05;0,7;5;0,01;NA;0;67;32;"02076";"Intermediate Risk / Probably Safe";"2";"6.32";3
"n1mj-k2hu-s0dt";"Northern";"Koinadugu";"Kasunko KaKellian";"SANGBABA";"RC SCHOOL WELL";NA;"School";"9.383158333333334";"-11.789088333333332";"558.7";"Rehabilitated hand dug well - handpump";6,54;NA;0,05;0,08;0,02;2,2;0,06;1,1;5;0,01;NA;0;106;242;"02308";"Intermediate Risk / Possibly Safe";"4.7";"22.75";2
"au0c-11jm-3jsn";"Northern";"Koinadugu";"Wara Wara Yagala";"KAMAYINBO";"DEC PRI. SCHOOL";NA;"School";"9.457151666666666";"-11.70134";"263.5";"Rehabilitated hand dug well - handpump";6,5;NA;0,02;0,05;0,02;1;0,13;6,4;38;0,01;NA;0;77;240;"02309";"Intermediate Risk / Probably Safe";"1.2";"5.64";5
"dbgu-dax2-dgu2";"Northern";"Koinadugu";"Kasunko KaKellian";"KAGBASIA";"DEC PRI. SCHOOL";NA;"School";"9.32569";"-11.778983333333334";"390.5";"Rehabilitated hand dug well - handpump";8,4;NA;1;2;0,05;1;0,05;16;5;0,01;NA;0;1226;240;"02323";"Low Risk / Safe";"0";"2.87";1
"97g7-ugtp-vnan";"Northern";"Koinadugu";"Kasunko KaKellian";"KAFOGO";"GRAVITY";NA;"Community water point";"9.39548";"-11.736418333333331";"345.4";"Tap stands from gravity fed water scheme";6,5;NA;0,05;0,05;0,04;1;0,05;0,6;5;0,01;NA;0;20;241;"02331";"Very High Risk / Unsafe";">100";"9435.1";3
"76v4-k5x7-cfab";"North Western";"Kambia";"Magbema";"MOF PRIMARY SCHOOL MATHAM";"MOF PRIMARY";NA;"School";"9.138154260773264";"-12.878292342851251";"92.49517726279582";"Rehabilitated hand dug well - handpump";6,5;NA;0,03;0,05;0,06;1;0,05;0,6;29;0,01;1,7;0;88;30,5;"03474";"High Risk / Probably Unsafe";"32.6";"145.55";4
"1712-2spf-wxgv";"Southern";"Bonthe";"Sogbeni";"TIHUN";"NATIONAL ISLAMIC MISSION PRIMARY SCHOOL";NA;"School";"7.567746666666666";"-12.090443333333333";"295.9";"Rehabilitated hand dug well - handpump";6,5;NA;0,17;0,09;0,32;1;0,05;7,1;44;0,04;20;107;32,9;33;"03501";"Intermediate Risk / Possibly Safe";"4.7";"22.75";6
"j59w-s9xu-yup7";"Southern";"Bonthe";"Sogbeni";"GEREHUN";"UBC PRIMARY";NA;"School";"7.544893333333333";"-12.099695";"14.0";"Rehabilitated hand dug well - handpump";7,44;NA;0,06;2;0,05;1,3;0,06;0,8;22;0,08;12,4;6;39,4;259;"03502";"High Risk / Probably Unsafe";"48.3";"351.91";8
"3dmy-yqdt-1bfg";"Southern";"Bonthe";"Sogbeni";"MOYORGBOR";"DEC PRIMARY";NA;"School";"7.534305000000001";"-12.095828333333335";"-2.3";"Rehabilitated hand dug well - handpump";6,5;NA;0,02;2;0,04;2,3;0,08;9,2;5;0,01;20;0;32,8;29;"03503";"Intermediate Risk / Probably Safe";"1.5";"7.81";4
"cy55-q89w-kk4";"Northern";"Tonkolili";"Yoni Mamaila";"PAN HOUSE";"PAN HOUSE WATER POINT";NA;"Community water point";"8.430496666666667";"-12.245051666666665";"70.7";"New hand dug well - handpump";6,81;NA;0,09;NA;0,02;NA;0,11;NA;39;0,01;NA;0;211;30;"02008";"Very High Risk / Unsafe";">100";"9435.1";3
"3wbd-hqh2-anag";"Eastern";"Kenema";"Nongowa";"BAMBAWO";"BAMBAWO MCHP WATER POINT";NA;"PHU";"8.008656666666667";"-11.132225000000002";"319.9";"New borehole with submersible pump";6,5;NA;0,02;0,05;0,04;1;0,05;1,9;5;0,01;NA;0;3;31,2;"03950";"Low Risk / Safe";"0";"2.87";3
"6v96-f0e0-td14";"Southern";"Pujehun";"Malen";"SINJOH";"SLUIM PRIMARY SCHOOL";NA;"School";"7.434568333333334";"-11.872323333333334";"-16.0";"New borehole - handpump";6,5;NA;0,06;0,05;0,02;1,5;0,07;0,6;5;0,01;2,2;0;15;33,5;"03801";"Intermediate Risk / Probably Safe";"1.5";"7.81";2
"1ce1-dqxn-deg0";"Southern";"Bonthe";"Sogbeni";"KANGA";"UBC PRIMARY";NA;"School";"7.5107566666666665";"-12.096593333333333";"8.9";"Rehabilitated hand dug well - handpump";6,5;NA;0,04;0,05;0,06;1,6;0,18;1,7;5;0,01;11,7;9;29,8;37;"03504";"High Risk / Possibly Unsafe";"17.1";"56.35";4
"dyxu-rtqm-jec6";"Northern";"Tonkolili";"Yoni Mamaila";"MAGBONGBOR VILLAGE";"MAGBONGBOR WATER POINT";NA;"Community water point";"8.41833";"-12.249503333333333";"68.4";"New hand dug well - handpump";6,79;NA;1;NA;0,33;1;0,05;NA;100;0,01;NA;0;299;35,2;"02011";"Very High Risk / Unsafe";">100";"9435.1";2
"hjg1-csyc-nn5d";"Southern";"Bo";"Valunia";"KARVOMA";"KARVOMA WATER POINT";NA;"Community water point";"8.41418395";"-11.702857";"179.0";"New hand dug well - handpump";7,07;NA;0,03;0,05;0,02;7,7;0,05;0,7;5;0,01;NA;0;173;30,3;"02561";"Very High Risk / Unsafe";">100";"9435.1";1
"cfxq-3027-2ebq";"North Western";"Port Loko";"Kaffu Bullom";"LUNGI";"DEC CHRISTAL PRIMARY SCHOOL";NA;"School";"8.626859999999999";"-13.203911666666666";"19.7";"New hand dug well - handpump";6,5;NA;0,03;0,05;0,14;7,4;0,05;0,7;5;0,01;NA;0;205;32,6;"02074";"Intermediate Risk / Probably Safe";"2";"6.32";3
"hbpm-0kne-dry9";"North Western";"Port Loko";"Bakeh Loko";"PORT LOKO CITY";"#11 NEW LONDON";NA;"Community water point";"8.779113333333333";"-12.779921666666667";"26.0";"New borehole with submersible pump";6,5;NA;0,06;0,05;0,16;8;0,05;0,6;5;0,01;NA;0;53;32,1;"02073";"Intermediate Risk / Probably Safe";"1.1";"5.16";2
"un79-hqq3-huwy";"North Western";"Port Loko";"Kaffu Bullom";"GBANNEH BANA";"GBANNEH BANA CHP";NA;"PHU";"8.672194999999999";"-13.179333333333334";"50.9";"Rehabilitated hand dug well with submersible pump";6,5;NA;0,02;0,05;0,04;1;0,05;0,7;11;0,04;NA;0;41;28,2;"02075";"High Risk / Possibly Unsafe";"13.6";"83.06";2
"ts3k-75ge-hxw9";"Southern";"Pujehun";"Malen";"FAYAMA";"RC PRIMARY SCHOOL";NA;"School";"7.553411666666666";"-11.753943333333332";"42.5";"New hand dug well - handpump";7,51;NA;0,05;0,05;0,13;2,8;0,05;1,8;100;0,01;1,6;0;127;31,2;"03828";"Low Risk / Safe";"0";"2.87";4
"h7x3-5yh4-s1a9";"Northern";"Koinadugu";"Wara Wara Yagala";"IGAIA";"DEC PRI. SCH. WELL";NA;"School";"9.481476666666667";"-11.631463333333333";"373.5";"Rehabilitated hand dug well - handpump";6,5;NA;0,07;0,05;0,02;30;0,05;0,7;5;0,01;NA;0;160;243;"06071";"Intermediate Risk / Probably Safe";"1.2";"5.64";1
"8vd9-0uew-45du";"Western";"Western Area Rur";"Waterloo Rural";"ROKEL";"EL-SHADDAI";"1";"PHU";"8.387340722211583";"-13.095454605334277";"51.054756007957536";"New borehole with mechanised pump";7,53;NA;0,08;0,05;0,39;2,9;0,17;0,7;9;0,01;0,5;0;230;29,8;"02059";"Intermediate Risk / Possibly Safe";"9.1";"37.04";3
"gxh3-dnjm-6ygp";"Southern";"Pujehun";"Malen";"BENDU MALEN";"BENDU MALEN";NA;"PHU";"7.577843333333334";"-11.820933333333334";"68.1";"Rehabilitated hand dug well - handpump";6,8;NA;0,1;0,11;0,08;2,8;0,05;0,7;67;0,01;7,1;0;110;29,7;"03800";"Very High Risk / Unsafe";">100";"9435.1";6
"gp1g-eq5g-gv8f";"Northern";"Bombali";"Bombali Sebora";"MAKUMP BANA CHP";"BOREHOLE";"1";"PHU";"8.8057652";"-12.0392512";"111.44999694824219";"New borehole with submersible pump";6,59;NA;0,05;0,05;0,09;1;0,27;0,8;100;0,01;NA;0;46;28,7;"02098";"Low Risk / Safe";"0";"2.87";1
"8qry-7jh4-c7sf";"Northern";"Bombali";"Bombali Sebora";"MABOLLEH";"HAND DUY WELL";"1";"School";"8.824749542400241";"-12.05891752615571";"68.9000015258789";"New hand dug well - handpump";7,56;NA;0,5;0,05;0,29;1;0,11;11;34;0,01;NA;0;344;31,2;"05075";"Low Risk / Safe";"0";"2.87";1
"pxfc-8nyg-jc2m";"Northern";"Bombali";"Bombali Sebora";"MABOLLEH";"HAND DUG WELL";"1";"Community water point";"8.8250218";"-12.0576764";"109.33000183105469";"Rehabilitated hand dug well - handpump";6,5;NA;0,05;0,05;0,11;1,2;0,11;16;89;0,01;NA;0;32;29,7;"05079";"Low Risk / Safe";"0";"2.87";1
"4t00-pqs9-f131";"Northern";"Bombali";"Bombali Sebora";"MABOLLEH CHP";"HAND DUY WELL";"1";"PHU";"8.8214221";"-12.0543408";"109.62999725341797";"Rehabilitated hand dug well - handpump";6,5;NA;0,06;0,05;0,15;1,4;0,05;0,6;51;0,01;NA;0;23;29,7;"05078";"Low Risk / Safe";"0";"2.87";2
"tc53-6ef2-u8ct";"Northern";"Koinadugu";"Gbonkobon Kayaka";"SAWURIA";"PHU WATER POINT";NA;"PHU";"9.482626666666667";"-11.80527";"301.4";"New hand dug well - handpump";6,87;NA;0,02;0,05;0,02;7,3;0,05;8,3;5;0,01;NA;0;120;247;"02311";"Intermediate Risk / Possibly Safe";"4.7";"22.75";1
"tce9-s6ra-9hkg";"North Western";"Port Loko";"Maforki";"NEW MAFORKI";"NEW MAFORKI CHP";"8";"PHU";"8.746998333333332";"-12.761498333333334";"7.5";"New borehole with submersible pump";6,5;NA;0,04;NA;0,06;1;0,05;2,3;NA;0,01;NA;9;11;28,1;"02072";"Intermediate Risk / Possibly Safe";"4.7";"22.75";2
"qahy-e1e7-4ehx";"Western";"Western Area Rur";"Waterloo Rural";"WATERLOO";"REC PRIMARY SCHOOL WATERLOO";"1";"School";"8.3402250238009";"-13.073727485449309";"59.2655052247251";"New borehole - handpump";6,5;NA;0,13;0,05;0,02;1;0,24;0,7;88;0,01;0,5;0;9;24,9;"02056";"Low Risk / Safe";"0";"2.87";1
"t7kw-vjcm-njee";"Northern";"Bombali";"Bombali Sebora";"PATE BANA MASIMBO";"HAND DUG WELL";"1";"Community water point";"8.8602391";"-12.0749035";"122.36000061035156";"Rehabilitated hand dug well - handpump";6,5;NA;0,08;0,05;0,02;1,1;0,05;0,6;100;0,01;NA;0;23;30,1;"02113";"Intermediate Risk / Probably Safe";"2.6";"8.51";1
"fupv-jyhy-t6xn";"Southern";"Bonthe";"Yawbeko";"HAHUN";"RC PRIMARY";NA;"School";"7.467065000000001";"-12.147136666666665";"-10.5";"New borehole - handpump";6,5;NA;0,07;0,05;0,15;1;0,05;0,7;5;0,01;17,9;0;31,4;10;"03505";"Low Risk / Safe";"0";"2.87";7
"t7qa-5pwj-eqn9";"Northern";"Bombali";"Bombali Sebora";"PATE BANA SIMBO";"HAND DUG WELL";"1";"School";"8.859681626781821";"-12.07251406274736";"109.30000305175781";"Rehabilitated hand dug well - handpump";6,5;NA;0,18;0,05;0,09;1,7;0,11;0,8;34;0,02;NA;0;8;30,7;"02112";"Intermediate Risk / Possibly Safe";"4.7";"22.75";0
"5ba8-6c59-avxs";"Southern";"Moyamba";"Kaiyamba";"TANiNIHUN MOLAGO";"MDEC PRIMARY SCHOOL MOLANGO";"4";"School";"8.17954186";"-12.40548018";"96.0";"New hand dug well - handpump";6,5;NA;0,05;0,27;0,15;1;0,05;0,6;33;0,01;NA;0;32;329;"03673";"Low Risk / Safe";"0";"2.87";1
"v95j-x3up-w4fv";"North Western";"Port Loko";"Maforki";"PORT LOKO CITY";"DEC PRIMARY SCHOOL-OLD PORT";"8";"School";"8.751766666666667";"-12.783976666666668";"25.4";"New borehole with submersible pump";6,5;NA;0,02;NA;0,02;2,9;0,08;0,6;5;0,01;NA;0;61;32;"02071";"Low Risk / Safe";"0";"2.87";1
"q9rf-m1mc-pfj0";"Southern";"Moyamba";"Fakunya";"GANDORHUN";"CHC GANDORHUN";"3";"PHU";"8.23370782";"-12.33588518";"88.0";"New borehole with submersible pump";7,56;NA;0,08;0,05;0,07;1;0,13;2,8;100;0,01;NA;0;270;332;"03674";"Low Risk / Safe";"0";"2.87";2
"8ctt-6k92-hadc";"North Western";"Port Loko";"Bakeh Loko";"PORT LOKO CITY";"DEC BANGLA SIERRA";"8";"School";"8.765526666666666";"-12.778950000000002";"26.4";"Rehabilitated hand dug well - handpump";6,53;NA;0,02;NA;0,03;1,6;0,05;0,7;25;0,01;NA;0;93;33,1;"02070";"High Risk / Possibly Unsafe";"13.6";"83.06";5
"x0av-tqc3-stnh";"Northern";"Bombali";"Bombali Sebora";"MAKAMA";"BOREHOLE";"1";"PHU";"8.8639926";"-12.056319";"126.83000183105469";"New borehole with submersible pump";6,5;NA;0,49;0,05;0,18;30;0,05;16;100;0,02;NA;0;439;31,3;"05077";"Low Risk / Safe";"0";"2.87";1
"arvg-h3wg-jx18";"Eastern";"Kenema";"Nongowa";"GANGAMA COMMUNITY";"GANGAMA COMMUNITY WATER POINT";NA;"Community water point";"8.007018333333333";"-11.043463333333333";"188.9";"Rehabilitated hand dug well - handpump";6,5;NA;0,02;0,05;0,02;11,7;0,05;10,4;13;0,01;NA;0;4;30,4;"03953";"Low Risk / Safe";"0";"2.87";1
"ermk-0ka1-h85a";"Southern";"Bonthe";"Yawbeko";"TALIA";"CHC";NA;"PHU";"7.438538333333335";"-12.129831666666666";"9.8";"Rehabilitated hand dug well with submersive pump";6,5;NA;0,06;0,05;0,09;1,9;0,05;0,7;5;0,01;20;0;32,6;16;"03506";"Intermediate Risk / Probably Safe";"1.5";"7.81";3
"mh32-frcv-fqet";"Southern";"Moyamba";"Fakunya";"NJAGBAHUN";"MCHP NJAGBAHUN";"3";"PHU";"8.26145548";"-12.28366014";"87.0";"New borehole with submersible pump";7,27;NA;0,07;0,05;0,03;1;0,12;5,8;100;0,01;NA;0;147;323;"03675";"Low Risk / Safe";"0";"2.87";3
"5rnc-s3q6-9are";"Eastern";"Kenema";"Nongowa";"NIAHUN BUIIMA MCHP";"NIAHUN BUIIMA MCHP WATER POINT";NA;"PHU";"7.989893333333333";"-11.101608333333335";"155.6";"New borehole with submersible pump";6,5;NA;0,02;0,05;0,03;1,8;0,05;0,6;17;0,01;NA;0;32;30,1;"03955";"Low Risk / Safe";"0";"2.87";2
"1rjr-es0t-anq7";"Eastern";"Kenema";"Nongowa";"NGANYAHUN BARVUHUN COMMUNITY";"NGANYAHUN BARVUHUN COMMUNITY WATER POINT";NA;"Community water point";"8.008305";"-11.068786666666664";"243.7";"Rehabilitated hand dug well - handpump";6,5;NA;0,02;0,05;0,02;11,7;0,05;6,3;39;0,01;NA;0;19;29,6;"03951";"Low Risk / Safe";"0";"2.87";1
"rr5c-v2nv-2ars";"Southern";"Pujehun";"Yakemu Kpukumu";"KARLU";"MM JSS SCHOOL KARLU";NA;"School";"7.240778333333333";"-11.76069";"126.0";"Rehabilitated hand dug well - handpump";6,5;NA;0,1;0,06;0,08;1;0,07;0,6;5;0,01;15;0;13;33,5;"03803";"Low Risk / Safe";"0";"2.87";4
"6jq4-7kgv-hcgg";"Eastern";"Kenema";"Nongowa";"JORU COMMUNITY";"JORU COMMUNITY WATER POINT";NA;"Community water point";"8.021678333333334";"-11.080725";"146.7";"Rehabilitated hand dug well - handpump";6,5;NA;0,02;0,05;0,02;7,7;0,05;2,5;27;0,01;NA;0;91;29,2;"03954";"Low Risk / Safe";"0";"2.87";1
"f1p4-a1bu-qpd6";"Northern";"Koinadugu";"Kasunko KaKellian";"KAGBASIA";"KAGBASIA PHU WATER POINT";"7";"PHU";"9.32558";"-11.778468333333334";"408.9";"Rehabilitated hand dug well - handpump";6,5;NA;0,04;0,05;0,02;1;0,05;0,7;5;0,01;NA;0;122;241;"02300";"High Risk / Possibly Unsafe";"13.6";"83.06";1
"nd66-j4en-cpm3";"Western";"Western Area Rur";"Waterloo Rural";"MASHAWURRAY";"MASHAWURAY WATER POINT";"1";"Community water point";"8.28553020836387";"-12.958496113067193";"67.5408381405897";"New borehole - handpump";6,5;NA;0,19;0,05;0,18;1;0,05;5,6;100;0,01;0,5;16;47,3;30,3;"02051";"Very High Risk / Unsafe";">100";"9435.1";0
"qtcx-p0p5-fgqq";"Northern";"Koinadugu";"Diang";"LENKEKORO";"CHP WELL";"3";"PHU";"9.465893333333334";"-11.676306666666669";"353.5";"Rehabilitated hand dug well with submersible pump";6,5;NA;0,08;1,88;0,07;6,5;0,05;1,9;71;0,02;NA;0;90;27,8;"06062";"Low Risk / Safe";"0";"2.87";2
"t3sd-rpwm-g14c";"Northern";"Koinadugu";"Diang";"KAMAYINBO";"GRAVITY SOURCE";"7";"Community water point";"9.448108333333332";"-11.698688333333333";"326.1";"Tap stands from gravity fed water scheme";6,67;NA;0,05;0,05;0,03;1;0,05;0,7;36;0,01;NA;8;0;25,6;"06061";"High Risk / Possibly Unsafe";"13.6";"83.06";0
"y951-fnh9-4jvn";"Southern";"Bonthe";"Kpanda Kemo";"LAWANA";"UBC";NA;"School";"7.645163333333333";"-12.014741666666664";"69.3";"Rehabilitated borehole - handpump";7,05;NA;0,04;0,13;0,04;1;0,34;0,7;100;0,01;11,8;12;31,3;296;"03507";"Low Risk / Safe";"0";"2.87";7
"naw4-w0gv-xs7y";"North Western";"Kambia";"Magbema";"GBARRAY NONKOH";"DIBIA ROAD";NA;"Community water point";"9.077108611634324";"-12.862240313202019";"91.95173757239796";"New hand dug well - handpump";6,5;NA;0,05;0,05;0,12;7,5;0,05;0,9;10;0,01;8,3;0;195;29,2;"03452";"Intermediate Risk / Probably Safe";"1.5";"7.81";3
"m80a-6ga4-72ss";"Southern";"Pujehun";"Panga krim";"VAAMA";"VAAMA  PHU";NA;"PHU";"7.2787999999999995";"-11.795876666666667";"7.4";"New borehole with submersible pump";7,21;NA;0,1;0,38;0,06;2,1;0,11;3,2;5;0,01;3,7;22;121;31,8;"03802";"Low Risk / Safe";"0";"2.87";3
"c9yk-q4cu-7dvm";"Western";"Western Area Rur";"Koya Rural";"FABAINA";"FABAINA WATER POINT";"1";"Community water point";"8.29592148311951";"-12.944688933997934";"62.61459937940025";"New borehole - handpump";6,5;NA;0,17;0,91;0,03;1;0,1;16;51;0,01;0,5;0;189;30;"02049";"Very High Risk / Unsafe";">100";"9435.1";0
"36sk-upjh-w1ve";"Southern";"Bonthe";"Kpanda Kemo";"MOTUO";"CHC";NA;"PHU";"7.613913333333333";"-12.047348333333332";"33.1";"New hand dug well - handpump";6,5;NA;0,02;0,05;0,02;3,8;0,05;0,9;46;0,01;14,5;0;32,6;66;"03508";"High Risk / Possibly Unsafe";"13.6";"83.06";5
"btme-q1yg-e8kc";"Western";"Western Area Rur";"Koya Rural";"GBOILA";"GBOILA WATER POINT";"1";"Community water point";"8.28793410942916";"-12.94905991075485";"63.04046567933072";"New borehole - handpump";6,5;NA;0,26;1,33;1;1;0,25;1,6;19;0,01;0,5;24;688;30,8;"02054";"Very High Risk / Unsafe";">100";"9435.1";0
"uqc6-ccgs-cmk5";"Eastern";"Kenema";"Nongowa";"BORBORBU";"BORBORBU COMMUNITY WATER POINT";NA;"Community water point";"7.9655700000000005";"-11.035541666666665";"173.2";"Rehabilitated hand dug well - handpump";6,5;NA;0,02;0,05;0,02;3,7;0,12;16;18;0,01;NA;0;61;28,9;"03945";"Intermediate Risk / Probably Safe";"1.1";"5.16";2
"4yh1-y3ph-4t2k";"Western";"Western Area Rur";"Koya Rural";"MASORIE";"MASORIE PHU";"1";"PHU";"8.31441430674366";"-12.941870039738667";"82.28256402549802";"New borehole with submersible pump";6,5;NA;0,09;2;0,14;1;0,05;0,7;37;0,01;0,5;0;22;30,6;"02052";"Very High Risk / Unsafe";">100";"9435.1";0
"14gb-31mg-8qb5";"Western";"Western Area Rur";"Koya Rural";"MASAILOR";"MASAILOR COMMUNITY WATER POINT";"1";"Community water point";"8.314261894939582";"-12.938834251502769";"70.26100824311752";"New borehole - handpump";6,92;NA;0,15;0,07;0,22;1;0,46;3,1;NA;NA;NA;NA;121;30,9;"02053";"Very High Risk / Unsafe";">100";"9435.1";0
"eb1e-hrm1-8ma2";"Southern";"Bo";"Selenga";"DAMBALA";"DAMBALA WATER POINT";NA;"Community water point";"8.12197847";"-11.70210947";"118.0";"Rehabilitated borehole - handpump";6,5;NA;0,1;0,05;0,02;3,2;0,11;0,6;5;0,01;NA;0;21;29,9;"01458";"Very High Risk / Unsafe";">100";"9435.1";2
"t5f3-20jn-yq0q";"Southern";"Bo";"Valunia";"BAOMA/NYANDEHUN GANDEMA";"BDEC PRIMARY SCHOOL BAOMA/NYANDEHUN GANDEMA WATER POINT";NA;"School";"8.35888851";"-11.75410739";"130.0";"New hand dug well - handpump";6,5;NA;0,05;0,05;0,06;1;0,05;0,6;29;0,01;NA;0;51;30,3;"02538";"Low Risk / Safe";"0";"2.87";3
"ee9e-yx53-s50h";"Southern";"Bo";"Valunia";"MONGERA";"MONGERE WATER POINT";NA;"Community water point";"8.31941229";"-11.7329637";"137.0";"Rehabilitated borehole - handpump";6,5;NA;0,05;0,05;0,02;1,1;0,1;0,7;5;0,01;NA;0;33;33,2;"02535";"Low Risk / Safe";"0";"2.87";0
"t26m-mfp4-mxhc";"Southern";"Bo";"Valunia";"KPUABU";"KPUABA WATER POINT";NA;"PHU";"8.19195713";"-11.74358805";"144.0";"Rehabilitated hand dug well - handpump";6,5;NA;0,11;0,05;0,02;1;0,05;0,6;5;0,01;NA;0;73;32,8;"02537";"Low Risk / Safe";"0";"2.87";2
"1xw4-rqbw-5y5c";"Southern";"Bo";"Selenga";"DAMBALA";"DAMBALA WATER POINT";NA;"School";"8.12408919";"-11.70416031";"131.0";"New hand dug well - handpump";7,54;NA;0,09;0,05;0,02;1,4;0,07;0,7;13;0,01;NA;0;200;29;"01462";"Intermediate Risk / Possibly Safe";"4.7";"22.75";2
"ydv5-u0su-mxwp";"Southern";"Bo";"Selenga";"DAMBALA";"DAMBALA WATER POINT";NA;"PHU";"8.12083181";"-11.70369088";"135.0";"Rehabilitated hand dug well with submersible pump";6,5;NA;0,08;0,05;0,02;5,2;0,11;0,8;5;0,01;NA;0;73;29,3;"01461";"Intermediate Risk / Possibly Safe";"4.7";"22.75";3
"vtq0-qt62-e012";"Southern";"Bo";"Valunia";"NYANDEHUN GANDEMA";"NYANDEHUN GANDEMA WATER POINT";NA;"Community water point";"8.36760796";"-11.7555673";"139.0";"Rehabilitated hand dug well - handpump";6,5;NA;0,04;0,05;0,02;1;0,05;3,6;5;0,01;NA;0;91;30,3;"02552";"High Risk / Possibly Unsafe";"13.6";"83.06";2
"t3s8-bf08-bq4t";"Southern";"Bo";"Valunia";"MONGERE";"MONGERA WATER POINT";NA;"School";"8.31911737";"-11.73403002";"118.0";"New hand dug well - handpump";6,82;NA;0,02;0,05;0,02;1,8;0,05;1,5;13;0,01;NA;10;137;31,7;"02534";"Very High Risk / Unsafe";">100";"9435.1";2
"jvh8-649x-rxn6";"Eastern";"Kenema";"Nongowa";"KOMENDE STATION";"KOMENDE STATION MCHP WATER POINT";NA;"PHU";"7.985171666666668";"-11.008225000000001";"160.6";"New borehole with submersible pump";6,5;NA;0,02;0,05;0,02;1,6;0,05;0,6;47;0,01;NA;0;40;32,5;"03944";"High Risk / Probably Unsafe";"48.3";"351.91";2
"e63r-hmca-xh0h";"Northern";"Koinadugu";"Wara Wara Yagala";"HEREMOKONO";"BINTA'S ANGEL PRI. SCH WELL";"3";"School";"9.499766666666666";"-11.595498333333333";"418.4";"Rehabilitated hand dug well - handpump";6,5;NA;0,03;0,05;0,02;1;0,05;0,8;5;0,01;NA;0;36;28,8;"06383";"High Risk / Probably Unsafe";"48.3";"351.91";1
"391d-53x1-34bk";"Eastern";"Kenema";"Nongowa";"VAAHUN";"VAAHUN MCHP WATER POINT";NA;"PHU";"8.027563333333335";"-11.004118333333334";"129.0";"New borehole with submersible pump";6,5;NA;0,02;0,05;0,02;1,2;0,07;0,6;83;0,01;NA;0;23;33;"03946";"Intermediate Risk / Probably Safe";"1.1";"5.16";0
"1pdq-xea3-sqa";"Northern";"Koinadugu";"Wara Wara Yagala";"HEREMAKONO";"DEC PRI. SCH WELL";"3";"School";"9.503953333333333";"-11.594069999999999";"448.3";"Rehabilitated hand dug well - handpump";6,5;NA;0,03;0,05;0,06;1;0,05;0,7;10;0,01;NA;0;15;29;"06382";"Intermediate Risk / Possibly Safe";"4.7";"22.75";1
"jbjb-fwn6-v9pj";"Southern";"Bonthe";"Kpanda Kemo";"KOBOTU";"DEC PRIMARY";NA;"School";"7.61089";"-12.00516";"22.0";"New borehole - handpump";6,5;NA;0,04;0,05;0,02;1,2;0,05;5,5;5;0,01;10,1;0;33,2;11;"03509";"Low Risk / Safe";"0";"2.87";5
"7067-gahj-6e4p";"Southern";"Moyamba";"Fakunya";"NJAGBAHUN";"ISLAMIC CALL SOCIETY PRI SCHOOL ICSS NJAGNAHUN";"3";"School";"8.25890401";"-12.2808531";"98.0";"Rehabilitated hand dug well - handpump";6,97;NA;0,04;0,05;0,02;1;0,05;0,7;34;0,01;NA;0;147;325;"03677";"Low Risk / Safe";"0";"2.87";1
"ysk1-3fmv-qfrw";"Southern";"Moyamba";"Kaiyamba";"LEVUMA";"MCHP LEVUMA";"4";"PHU";"8.11688209";"-12.37208965";"95.0";"New hand dug well - handpump";7,14;NA;0,04;0,05;0,14;1,3;0,05;0,6;5;0,01;NA;0;117;358;"03676";"Intermediate Risk / Probably Safe";"1.5";"7.81";1
"14g1-k2aa-q1f5";"Southern";"Bo";"Niawa Lenga";"NENGBEMA";"BDEC PRIMARY SCHOOL WATER POINT";"1";"School";"8.12763339";"-11.65289397";"130.0";"New hand dug well - handpump";6,84;NA;0,05;0,05;0,02;2;0,2;0,9;5;0,01;NA;0;153;30,5;"02539";"Low Risk / Safe";"0";"2.87";2
"53d2-uqh4-m13x";"Southern";"Bo";"Niawa Lenga";"SAHN";"RC PRIMARY SCHOOL WATER POINT";"1";"School";"8.15740878";"-11.59767863";"151.0";"Rehabilitated hand dug well - handpump";6,96;NA;0,05;0,05;0,02;1;0,25;2,2;13;0,01;NA;40;223;28,7;"02560";"Low Risk / Safe";"0";"2.87";3
"sv7r-wtkx-1pq9";"Southern";"Bo";"Niawa Lenga";"TONDORYA";"TONDORYA   COMMUNITY WATER POINT";"1";"Community water point";"8.12756984";"-11.61090174";"118.0";"New hand dug well - handpump";6,98;NA;0,02;0,05;0,02;1;0,05;0,9;22;0,01;0,5;0;169;30,5;"01459";"High Risk / Possibly Unsafe";"13.6";"83.06";2
"6bh9-m9qj-vbe1";"Southern";"Bo";"Niawa Lenga";"TONDORYA";"BDEC PRIMARY SCHOOL WATER POINT";"1";"School";"8.12813136";"-11.6080753";"164.0";"New hand dug well - handpump";6,63;NA;0,02;0,05;0,02;1;0,05;0,6;5;0,01;NA;0;135;29,6;"01460";"Intermediate Risk / Probably Safe";"1.5";"7.81";2
"85k7-ktuk-8n3v";"Southern";"Bo";"Valunia";"MANDU";"AHMADIYA MUSLIM PRIMARY SCHOOL";"1";"School";"8.20413675";"-11.68676826";"153.0";"Tap stands from gravity fed water scheme";6,59;NA;0,05;0,13;0,13;1;0,12;0,6;5;0,04;NA;0;16;30,4;"01463";"Very High Risk / Unsafe";">100";"9435.1";2
"u31d-w71x-uvtf";"Eastern";"Kenema";"Nongowa";"BARVE";"BARVE COMMUNITY WATER POINT";NA;"Community water point";"8.042390000000001";"-10.980546666666665";"173.3";"Rehabilitated hand dug well - handpump";6,5;NA;0,02;0,05;0,05;6,9;0,05;0,8;5;0,01;NA;0;91;29,9;"03947";"Low Risk / Safe";"0";"2.87";0
"6v7a-sp9u-gkwn";"Eastern";"Kenema";"Nongowa";"MASSAHUN";"MASSAHUN MCHP WATER POINT";NA;"PHU";"8.05193";"-10.968031666666665";"174.8";"New borehole with submersible pump";6,5;NA;0,02;0,05;0,02;1;0,05;0,9;100;0,02;NA;21;62;32,2;"03948";"High Risk / Possibly Unsafe";"13.6";"83.06";1
"b626-6wnx-0bv4";"Southern";"Pujehun";"Kabonde";"PEHALA";"PEHALA  COMMUNITY";NA;"Community water point";"7.523304999999999";"-11.61988";"23.4";"New borehole - handpump";6,58;NA;0,11;0,05;0,08;7,5;0,09;5,6;10;0,01;16;0;142;29,1;"03806";"Low Risk / Safe";"0";"2.87";2
"fe1c-ycrq-vhmb";"Eastern";"Kenema";"Nongowa";"MASSAHUN";"R C MASSAHUN WATER POINT";NA;"School";"8.050396666666668";"-10.969068333333333";"185.4";"New hand dug well - handpump";6,5;NA;0,02;0,05;0,07;3,2;0,05;0,7;70;0,01;NA;0;76;30,1;"03949";"Low Risk / Safe";"0";"2.87";0
"7109-dxmu-qf3d";"Southern";"Pujehun";"Panga";"MANDEIMA";"MANDEIMA PHU";NA;"PHU";"7.445258333333333";"-11.746319999999999";"81.7";"Rehabilitated hand dug well - handpump";7,06;NA;0,12;0,3;0,04;2,5;0,15;0,8;5;0,01;6,8;12;66;35,4;"03807";"Low Risk / Safe";"0";"2.87";6
"q2qv-2q8n-e8ud";"Western";"Western Area Rur";"Koya Rural";"MATHIMBOS";"MATHIMBOS COM. WELL";"1";"Community water point";"8.321459693025473";"-12.900895213007505";"51.85910225492513";"New borehole - handpump";6,5;NA;0,08;0,05;0,19;2,6;0,05;0,6;57;0,01;0,5;0;22;30,8;"02045";"Low Risk / Safe";"0";"2.87";0
"djvk-7krh-u8rj";"Southern";"Pujehun";"Panga krim";"BAYAMA";"BAYAMA PHU";"6";"PHU";"7.408033333333333";"-11.725713333333333";"57.1";"Rehabilitated hand dug well - handpump";7,43;NA;0,13;0,17;0,04;1,3;0,09;1,6;29;0,02;7,2;0;151;33,2;"03835";"Intermediate Risk / Possibly Safe";"4.7";"22.75";7
"329b-trd8-2f01";"Southern";"Moyamba";"Fakunya";"MOKOREWA";"MCHP MOKOREWA";"3";"PHU";"8.16894314";"-12.24816499";"98.0";"New borehole with submersible pump";6,5;NA;0,05;0,05;0,06;1;0,05;0,7;36;0,01;NA;0;17;31,5;"03678";"Intermediate Risk / Probably Safe";"1.2";"5.64";1
"jtnc-f6gk-mtuw";"Southern";"Moyamba";"Fakunya";"GBAPPIE SONGO";"UMC PRIMARY SCHOOL GBAPPIE SONGO";"3";"School";"8.22800727";"-12.25830478";"109.0";"Rehabilitated hand dug well - handpump";6,5;NA;0,06;0,05;0,02;1,1;0,05;0,6;5;0,01;NA;0;11;32;"03679";"Intermediate Risk / Probably Safe";"1.5";"7.81";2
"putj-9pyk-kry4";"Western";"Western Area Rur";"Koya Rural";"ROGBANEH";"ROGBANEH COM. WELL";"1";"School";"8.312131597670668";"-12.90836789539758";"82.91688966166274";"New borehole - handpump";6,5;NA;0,12;0,86;1;1;0,18;1,3;100;0,02;0,5;0;34;30,1;"02047";"Low Risk / Safe";"0";"2.87";0
"f36k-mhq6-g6d2";"Western";"Western Area Rur";"Koya Rural";"Rogbaneh";"Ahmadiya Rogbaneh";"1";"School";"8.312547902184823";"-12.905763646210554";"52.92996572221213";"New borehole - handpump";6,71;NA;0,5;0,05;1;1;1,31;2,7;83;0,19;9,5;304;23;30,4;"02048";"Low Risk / Safe";"0";"2.87";0
"gdnw-52d5-hn60";"Western";"Western Area Rur";"Koya Rural";"MATAKAY";"MATAKAY COM. WELL";"1";"Community water point";"8.313927122945028";"-12.904908378198732";"51.731538793280144";"New borehole - handpump";6,5;NA;0,18;0,14;1;1;0,07;0,8;100;0,01;0,5;19;86;31,3;"02046";"Low Risk / Safe";"0";"2.87";0
"d5yk-8q25-kdt1";"Southern";"Bo";"Niawa Lenga";"NENGBEHMA";"NENGBEHMA  PHU WATER POINT";"1";"PHU";"8.12701153";"-11.65273817";"127.0";"New borehole with submersible pump";6,55;NA;0,08;0,05;0,02;2,6;0,18;1;5;0,05;NA;0;59;33,6;"02550";"Low Risk / Safe";"0";"2.87";2
"n68q-ftbp-xs8s";"Western";"Western Area Rur";"Koya Rural";"BRAMA";"BRAMA COM WELL";"1";"Community water point";"8.364546239531105";"-12.961921592065378";"50.69225006790638";"New borehole with submersible pump";6,5;NA;0,08;0,05;0,02;1,6;0,08;0,9;100;0,01;12,2;27;11;24,6;"02043";"Low Risk / Safe";"0";"2.87";0
"f28j-xbd9-aj04";"Northern";"Bombali";"Paki Masabong";"MASABONG-PILL";"BOREHOLE";"11";"PHU";"8.699651";"-12.0021136";"112.66000366210938";"New borehole with submersible pump";6,5;NA;0,07;0,05;0,13;30;0,05;12;10;0,01;NA;7;249;28,5;"02111";"Low Risk / Safe";"0";"2.87";2
"895w-um97-yctg";"North Western";"Port Loko";"Koya";"MILE 38";"MILE 38 MCHP";"8";"PHU";"8.453141666666665";"-12.854038333333332";"-15.2";"New borehole with submersible pump";6,5;NA;0,05;0,05;0,06;1;0,06;1,7;5;0,01;NA;0;27;31,5;"02064";"Intermediate Risk / Probably Safe";"2";"6.32";4
"xem8-b7nq-edcn";"North Western";"Port Loko";"Koya";"SUMBUYA";"SUMBUYA CHP";"8";"PHU";"8.420275";"-12.899268333333335";"34.8";"New borehole with submersible pump";6,5;NA;0,09;0,05;0,02;1,1;0,05;0,6;10;0,01;NA;0;32;31,5;"02063";"Intermediate Risk / Possibly Safe";"5.4";"12.93";2
"jape-d8wr-ft98";"Northern";"Bombali";"Makari";"MAKARIE";"BOREHOLE";"1";"PHU";"8.864718941040337";"-12.126264944672585";"109.0";"New borehole with submersible pump";6,5;NA;0,06;0,05;0,05;1;0,05;1,9;100;0,01;NA;0;11;28,5;"02099";"Low Risk / Safe";"0";"2.87";1
"r9fg-2k7u-6a3";"Northern";"Bombali";"Makari";"MAKARIE";"HAND DUG WELL";"1";"School";"8.8691545";"-12.1276365";"107.0";"New hand dug well - handpump";6,64;NA;0,02;0,05;0,02;3;0,1;0,7;100;0,01;NA;0;118;30,6;"02100";"Low Risk / Safe";"0";"2.87";1
"rxcw-1kc4-561m";"Northern";"Bombali";"Makari";"MAKARIE";"BOREHOLE";"1";"Community water point";"8.868596";"-12.1247291";"114.0";"Rehabilitated borehole - handpump";6,5;NA;0,08;0,05;0,33;1,3;0,28;1,7;10;0,01;NA;0;76;30,8;"05076";"Low Risk / Safe";"0";"2.87";1
"5x79-g45n-s077";"North Western";"Kambia";"Mambolo";"MACOTH";"RC MACOTH";NA;"School";"8.91635014912194";"-13.015090338153389";"39.15333397379481";"Rehabilitated hand dug well - handpump";6,5;NA;0,04;0,05;0,02;3,2;0,05;0,6;5;0,01;8,8;0;34;32,3;"03497";"Very High Risk / Unsafe";">100";"9435.1";1
"yyxr-9k4t-5jc6";"North Western";"Kambia";"Mambolo";"Macoth";"Macoth PHU";NA;"PHU";"8.915474211415244";"-13.01563295994397";"30.618971320650676";"New borehole with submersible pump";6,5;NA;0,1;0,05;0,02;1;0,05;0,6;5;0,01;4,4;0;6;30,2;"03454";"Low Risk / Safe";"0";"2.87";1
"mpeg-ymp8-gsp7";"North Western";"Kambia";"Mambolo";"MAYAKIE";"MAYAKIE PHU";NA;"PHU";"8.902890284749478";"-12.935868618128486";"59.50643342217804";"New borehole with submersible pump";6,65;NA;0,02;0,05;0,05;1;0,64;2,1;14;0,01;1,2;0;127;35,3;"03455";"Low Risk / Safe";"0";"2.87";1
"5r3m-9daj-5xgr";"North Western";"Kambia";"Magbema";"KAMBA 2";"KAMBA PHU";NA;"PHU";"9.039382130042998";"-12.873591832586222";"17.944007418174003";"Rehabilitated hand dug well with submersible pump";6,5;NA;0,06;0,05;0,02;1;0,05;0,6;5;0,01;2,5;0;20;34;"03495";"Intermediate Risk / Probably Safe";"1.5";"7.81";1
"sh1r-0yvc-uwr";"North Western";"Kambia";"Magbema";"KAMBA 1";"COMMUNITY STORE TAP";NA;"Community water point";"9.045269156372095";"-12.869888735820611";"88.59380866758814";"New borehole with submersible pump";7,18;NA;0,05;0,05;0,03;1;0,35;0,7;5;0,01;1,8;0;122;29,2;"03494";"Intermediate Risk / Probably Safe";"2";"6.32";2
"k2ne-7a29-13c3";"North Western";"Kambia";"Tonko Limba";"KAMAGBEHU";"MCHP";NA;"PHU";"9.255987331723178";"-12.576426055795014";"121.10990776134699";"New borehole with submersible pump";7,18;NA;0,05;0,17;0,05;1;0,25;0,6;5;0,01;2,6;9;210;30,8;"03493";"Low Risk / Safe";"0";"2.87";3
"yux7-1pbx-m354";"North Western";"Kambia";"Tonko Limba";"KAMAGBEWU";"WESLYAN PRIMARY SCHOOL";NA;"School";"9.25700661513723";"-12.576544121693143";"124.63582664492907";"Rehabilitated hand dug well - handpump";7,2;NA;0,05;0,1;0,02;4,1;0,06;2,5;26;0,01;6,3;0;244;31,6;"03490";"Low Risk / Safe";"0";"2.87";1
"73s8-g2df-j4fu";"North Western";"Kambia";"Tonko Limba";"NUMEA";"NUMEA PHU";NA;"PHU";"9.264417462936292";"-12.71896752754879";"96.79278529221105";"Rehabilitated hand dug well with submersible pump";6,5;NA;0,03;0,07;0,02;4;0,05;0,6;5;0,01;1,7;0;25;37,2;"03489";"Low Risk / Safe";"0";"2.87";1
"exyu-d9ue-r8py";"North Western";"Kambia";"Tonko Limba";"NUMEA";"SLMB PRIMARY SCHOOL";NA;"School";"9.261325420466871";"-12.72190442854619";"88.69970452945938";"New hand dug well - handpump";7,62;NA;0,04;0,05;0,03;1,4;0,05;3,3;44;0,01;5,7;0;245;32,1;"03492";"High Risk / Possibly Unsafe";"13.6";"83.06";1
"dg6n-btkv-en28";"North Western";"Kambia";"Bramaia";"GBOLON";"PHU";NA;"PHU";"9.348651971668152";"-12.737697245938786";"82.19970511585234";"Rehabilitated hand dug well with submersible pump";7,05;NA;0,04;0,05;0,02;2,4;0,05;1,2;5;0,01;2,7;0;84;31,5;"03456";"High Risk / Possibly Unsafe";"13.6";"83.06";1
"pxkf-syyb-s9sj";"North Western";"Kambia";"Bramaia";"GBOLON";"KDEC";NA;"School";"9.34476282354682";"-12.737218049519688";"90.19008107371764";"New hand dug well - handpump";7,48;NA;0,03;0,05;0,02;1;0,05;1;5;0,01;2,6;0;200;30,1;"03457";"Low Risk / Safe";"0";"2.87";2
"fmmt-n02y-cvt1";"Southern";"Moyamba";"Kaiyamba";"KORGBOTUMA";"MCHP KORGBOTUMA";"4";"PHU";"8.05227092";"-12.4630862";"113.0";"New borehole with submersible pump";6,92;NA;0,06;0,05;0,02;1;0,28;0,7;64;0,01;NA;0;223;31,3;"03680";"Low Risk / Safe";"0";"2.87";2
"dyva-5stw-t3cs";"North Western";"Kambia";"Bramaia";"SULAIMANIA";"CHIEF COMPOUND";NA;"Community water point";"9.297471940317006";"-12.780846122710576";"73.33379423631487";"Rehabilitated hand dug well - handpump";6,5;NA;0,02;0,05;0,02;1;0,06;0,6;5;0,01;2,2;0;7;29,4;"03458";"Low Risk / Safe";"0";"2.87";2
"hw6a-my5w-3r9g";"Eastern";"Kenema";"Nongowa";"JORMU";"JORMU CHP WATER POINT";"5";"PHU";"7.949018333333333";"-11.051561666666665";"180.1";"New borehole with submersible pump";6,5;NA;0,05;0,05;0,05;1;0,07;0,6;5;0,01;NA;0;217;32,7;"03952";"Intermediate Risk / Probably Safe";"1";"4.74";3
"sufe-6m8p-v9h1";"North Western";"Kambia";"Magbema";"MODIA";"PHU";NA;"PHU";"9.188646455339487";"-12.87798941780515";"52.217973354963405";"New borehole with submersible pump";6,58;NA;0,07;0,09;0,02;1;0,34;1,2;5;0,01;2,4;0;116;32,5;"03459";"Low Risk / Safe";"0";"2.87";1
"9w3d-xwdn-g4p1";"Eastern";"Kenema";"Nongowa";"MALLEH";"R C PRI SCH WATER POINT MALLEH";"5";"School";"7.896536666666666";"-11.040781666666666";"165.5";"New hand dug well - handpump";7,27;NA;0,03;0,05;0,11;2,1;0,06;4,6;74;0,01;NA;0;312;29,4;"03942";"Low Risk / Safe";"0";"2.87";1
"yy7e-2dn6-xtb1";"Eastern";"Kenema";"Nongowa";"KPALU";"KPALU COMMUNITY WATER POINT";"5";"Community water point";"7.907296666666667";"-11.084900000000001";"161.8";"Rehabilitated hand dug well - handpump";6,5;NA;0,03;0,05;0,02;10,9;0,1;4,8;5;0,01;NA;0;134;29,4;"03938";"Intermediate Risk / Probably Safe";"2.6";"8.51";3
"yj1p-6efk-d6g5";"Eastern";"Kenema";"Nongowa";"NYEWANYEHUN";"KMDEC PRI SCH NYEWANYEHUN";"5";"School";"7.882369999999999";"-11.048083333333333";"199.9";"New hand dug well - handpump";6,5;NA;0,03;0,05;0,02;1,6;0,18;0,7;38;0,01;NA;0;99;29,4;"03939";"Low Risk / Safe";"0";"2.87";1
"7ekw-fu91-8dyd";"North Western";"Kambia";"Masungbala";"KAWULA";"CHP";NA;"PHU";"9.133834059317437";"-12.845125401534995";"67.36882027181288";"New borehole with submersible pump";6,82;NA;0,06;0,08;0,02;1;0,62;1;5;0,01;2,3;0;98;29,2;"03460";"Low Risk / Safe";"0";"2.87";5
"84u0-qtwg-38c1";"North Western";"Kambia";"Masungbala";"BUNDHA";"MOSQUE";NA;"Community water point";"9.079780037223486";"-12.826231266230018";"88.97198264517024";"New hand dug well - handpump";6,5;NA;0,05;0,05;0,4;12;0,05;2,3;5;0,01;0,5;0;107;31,3;"03488";"Low Risk / Safe";"0";"2.87";4
"a6m9-s69r-utm8";"North Western";"Kambia";"Masungbala";"GBALAN MAYINKA";"DIBIA ROAD";NA;"Community water point";"9.096450453389888";"-12.841306586252417";"80.93377753866314";"New hand dug well - handpump";6,58;NA;0,05;0,05;0,02;3,3;0,05;0,7;43;0,01;4,6;0;138;30;"03487";"Intermediate Risk / Probably Safe";"1.2";"5.64";3
"qq6j-5m70-2umq";"North Western";"Kambia";"Gbinle";"WORREH";"MCHP";NA;"Community water point";"9.086196824399426";"-12.97398467606839";"68.44084787434494";"Rehabilitated hand dug well with submersible pump";6,5;NA;0,04;0,05;0,02;1;0,05;0,6;5;0,01;0,5;5;41;29,4;"03486";"Low Risk / Safe";"0";"2.87";1
"grhb-w4au-ysy6";"Eastern";"Kenema";"Nongowa";"BANDAMA";"BANDAMA COMMUNITY WATER POINT";"5";"Community water point";"7.893023333333334";"-11.0905";"206.3";"Rehabilitated hand dug well - handpump";6,5;NA;0,12;0,05;0,34;18,3;0,19;10,2;17;0,01;NA;0;20;28,2;"03943";"High Risk / Possibly Unsafe";"13.6";"83.06";6
"5mrb-0dr6-0p2n";"Southern";"Moyamba";"Kori";"TAIAMA";"YWCA NURSERY  AND PRE SCHOOL TAIAMA";"4";"School";"8.19993032";"-12.06167953";"95.0";"Rehabilitated hand dug well - handpump";7,76;NA;0,03;0,05;0,02;2,6;0,05;4,1;50;0,01;NA;0;169;30,4;"03681";"Low Risk / Safe";"0";"2.87";1
"jr8c-ctaw-dntr";"Southern";"Moyamba";"Kori";"TAIAMA";"KODA PRIMARY SCHOOL TAIAMA";"4";"School";"8.19751863";"-12.0588082";"86.0";"Rehabilitated hand dug well - handpump";6,71;NA;0,06;0,19;0,09;2,4;0,14;0,7;100;0,01;NA;0;95;31,1;"03799";"High Risk / Probably Unsafe";"48.3";"351.91";1
"j6dx-rhqq-34tr";"Southern";"Moyamba";"Fakunya";"WATERLOO";"ALKUDUS ISLAMIC PRIMARY SCHOOL WATERLOO";"3";"School";"8.28366083";"-12.25763327";"110.0";"New hand dug well - handpump";7,8;NA;0,07;0,05;0,03;1;0,05;0,9;59;0,05;NA;24;195;28,5;"03798";"Intermediate Risk / Probably Safe";"2.6";"8.51";1
"va5n-v5c4-v31j";"Eastern";"Kenema";"Nongowa";"BORBU";"BORBU COMMUNITY WATER POINT";"5";"Community water point";"7.816723333333334";"-11.200891666666667";"198.2";"Rehabilitated hand dug well - handpump";6,92;NA;0,02;0,05;0,09;6;0,05;4,4;18;0,01;NA;0;158;30,8;"03894";"Very High Risk / Unsafe";">100";"9435.1";0
"vtkf-pxd3-v661";"Eastern";"Kenema";"Nongowa";"GBANDOMA";"GBANDOMA COMMUNITY WATER POINT";"5";"Community water point";"7.993295000000001";"-11.056931666666665";"88.0";"Rehabilitated hand dug well - handpump";6,5;NA;0,02;0,05;0,13;10,2;0,06;8,1;5;0,01;NA;0;155;29,5;"03936";"Intermediate Risk / Probably Safe";"1";"5.14";0
"3qf1-0u38-hqey";"Eastern";"Kenema";"Nongowa";"SOWEIMA";"SOWEIMA COMMUNITY WATER POINT";"5";"Community water point";"7.980758333333334";"-11.05598";"237.9";"Rehabilitated hand dug well - handpump";6,5;NA;0,02;0,05;0,08;1,5;0,06;0,7;27;0,01;NA;0;77;29,3;"03935";"Intermediate Risk / Possibly Safe";"4.7";"22.75";1
"c2gr-e7kv-xj4h";"Eastern";"Kenema";"Nongowa";"SERABU";"SERABU MCHP WATER POINT";"4";"PHU";"7.854106666666667";"-11.285233333333334";"123.6";"Rehabilitated hand dug well - handpump";6,5;NA;0,02;0,05;0,09;1;0,13;0,6;5;0,01;NA;0;65;30,1;"03937";"Intermediate Risk / Possibly Safe";"4.7";"22.75";1
"pu3x-qjj3-swfu";"Northern";"Tonkolili";"Kholifa Rowala";"MATURA GIRLS HIGH SCHOOL";"GIRLS WATER SOURCE";"Mapping officer - MoWR";"School";"8.731449999999999";"-11.904905000000001";"110.2";"Rehabilitated hand dug well - handpump";6,5;NA;0,06;NA;0,13;1;0,05;0,7;10;0,01;NA;0;20;29,8;"02015";"Intermediate Risk / Possibly Safe";"9.6";"37.68";3
"mch9-p9xx-e84j";"Northern";"Tonkolili";"Kholifa Rowala";"BOYS HIGH SCHOOL";"BOYS HIGH WATER POINT";"10";"School";"8.718623333333333";"-11.945386666666666";"93.8";"New borehole with submersible pump";6,5;NA;0,08;NA;0,02;6,7;0,05;0,6;30;0,01;NA;0;94;28,7;"02016";"Low Risk / Safe";"0";"2.87";2
"7cm1-akqs-kyfx";"North Western";"Port Loko";"Kaffu Bullom";"Lungi";"SLMB PRIMARY SCHOOL-MODIA";"Mapping officer - MoWR";"School";"8.64199763";"-13.22309572";"52.0";"Rehabilitated hand dug well - handpump";NA;NA;NA;NA;NA;NA;NA;NA;NA;NA;NA;0;10;29,6;"02065";"Low Risk / Safe";"0";"2.87";1
"rg22-0rxj-tjy5";"North Western";"Port Loko";"Lokomasama";"ROLOKO";"ALONG PETIFU JUNCTION ROAD";"Mapping officer - MoWR";"Community water point";"8.68869394";"-13.10386558";"60.0";"New borehole - handpump";NA;NA;NA;NA;0,02;NA;NA;0,7;5;0,01;NA;NA;8;30,4;"03462";"Intermediate Risk / Probably Safe";"1.5";"7.81";1
"ka1n-qr6u-1p6x";"North Western";"Port Loko";"Lokomasama";"MAPITERR";"10 PORT LOKO ROAD";"Mapping officer - MoWR";"Community water point";"8.69307411";"-13.11426327";"54.0";"Rehabilitated hand dug well - handpump";NA;NA;NA;0,05;NA;NA;NA;0,6;5;0,01;NA;NA;16;31,3;"03461";"Low Risk / Safe";"0";"2.87";2
"2exx-cmaa-e5ht";"North Western";"Port Loko";"Lokomasama";"KOMRABAI";"35 PORT LOKO ROAD";"Mapping officer - MoWR";"Community water point";"8.69537278";"-13.12046679";"58.0";"Rehabilitated hand dug well - handpump";NA;NA;NA;0,05;0,03;NA;NA;0,9;5;0,01;NA;NA;16;31,3;"02069";"Low Risk / Safe";"0";"2.87";1
"t2u8-nupd-hgmc";"North Western";"Port Loko";"Kaffu Bullom";"KOMRABAI";"DEC PRIMARY SCHOOL, KOMRABAI";"Mapping officer - MoWR";"School";"8.69001537";"-13.13130399";"36.0";"Rehabilitated hand dug well - handpump";NA;NA;NA;NA;0,02;NA;NA;3,4;66;0,01;NA;NA;208;32,1;"02068";"Low Risk / Safe";"0";"2.87";1
"43br-k6tg-kay7";"North Western";"Port Loko";"Lokomasama";"MATHEN";"DEC PRIMARY SCHOOL, MATHEN";"Mapping officer - MoWR";"School";"8.69552364";"-13.15065511";"99.0";"Rehabilitated hand dug well - handpump";NA;NA;NA;NA;0,02;NA;NA;1,2;5;0,01;NA;0;6;29,9;"02067";"Low Risk / Safe";"0";"2.87";2
"hty3-mtmx-9f7d";"North Western";"Port Loko";"Kaffu Bullom";"Lingi";"112 Alimamy Seray-Modu";"Mapping officer - MoWR";"Community water point";"8.63976379";"-13.22572151";"86.0";"Rehabilitated hand dug well - handpump";NA;NA;NA;NA;0,02;NA;NA;0,6;NA;0,01;NA;0;32;29,8;"02066";"Low Risk / Safe";"0";"2.87";2
"d875-6jhp-sbsq";"Southern";"Moyamba";"Kori";"JUMA";"MCHP JUMA";"4";"PHU";"8.255242";"-12.20507349";"106.0";"New hand dug well with submersible pump";6,85;NA;0,04;0,05;0,07;1;0,05;0,7;5;0,01;NA;6;105;29,5;"03797";"High Risk / Possibly Unsafe";"13.6";"83.06";2
"ywk3-bye9-d7e5";"Southern";"Moyamba";"Fakunya";"MOKELLAY";"MOKELLAY  MCHP";"3";"PHU";"8.29721396";"-12.29345594";"94.0";"New borehole with submersible pump";6,66;NA;0,05;0,05;0,02;9;0,05;6;5;0,01;NA;0;182;28,8;"03796";"High Risk / Possibly Unsafe";"13.6";"83.06";2
"rcde-gtc9-s4u4";"Southern";"Moyamba";"Kaiyamba";"TAKP0IMA";"TAKP0IMA CoMMUNITY";"4";"Community water point";"8.2057319";"-12.4387303";"88.0";"New hand dug well - handpump";6,77;NA;0,21;1,78;0,02;7,8;0,1;16;13;0,01;NA;0;254;33,6;"03682";"High Risk / Probably Unsafe";"48.3";"351.91";1
"550a-1s7w-qkht";"Southern";"Moyamba";"Kowa";"MOFOMBO";"MCHP MOFOMBO";"4";"PHU";"8.1360192";"-11.89687444";"85.0";"New borehole with submersible pump";7,04;NA;0,05;0,71;0,02;1,2;0,07;0,8;5;0,01;NA;0;129;30,7;"03687";"Low Risk / Safe";"0";"2.87";2
"9acq-9989-1ayn";"Southern";"Moyamba";"Kowa";"NJAMA";"NJAMA NURSERY SCHOOL";"3";"School";"8.08310727";"-11.94222783";"77.0";"New hand dug well - handpump";8,4;NA;NA;0,33;0,03;3,6;0,33;16;11;0,01;NA;0;1000;30,2;"03686";"Low Risk / Safe";"0";"2.87";1
"p9a8-a976-dusg";"Southern";"Moyamba";"Kori";"GBUIHUN";"MCHP GBUIHUN";"3";"PHU";"8.25122723";"-12.1243851";"88.0";"Rehabilitated hand dug well with submersible pump";6,83;NA;0,09;0,05;0,02;1;0,06;16;71;0,01;NA;0;59;31,1;"03683";"Very High Risk / Unsafe";">100";"9435.1";2
"p16f-1nwg-thxe";"Southern";"Moyamba";"Kori";"KONDA";"CHP KONDA";"4";"PHU";"8.19109574";"-12.18469993";"110.0";"New borehole with submersible pump";6,5;NA;0,1;0,05;0,14;3,6;0,05;0,7;5;0,01;NA;21;8;30,7;"03684";"Low Risk / Safe";"0";"2.87";1
"ptbw-3gmm-bb7v";"Southern";"Moyamba";"Kori";"SALINA GBAYA";"UMC SALINA GBAYA";"4";"School";"8.22072641";"-12.16257834";"112.0";"New hand dug well - handpump";7,77;NA;0,15;0,19;NA;1;0,05;4,1;NA;0,01;NA;34;136;31;"03685";"Intermediate Risk / Probably Safe";"1.2";"5.64";1
"69g4-q542-apq5";"Southern";"Pujehun";"Galliness";"MAKORMA";"MAKORMA PHU";"6";"PHU";"7.3951199999999995";"-11.643241666666665";"169.4";"New borehole with submersible pump";7,47;NA;0,04;0,37;0,03;1,3;0,48;2,8;14;0,01;20;0;246;33,1;"03853";"Low Risk / Safe";"0";"2.87";6
"2ers-bvuc-j6bh";"Southern";"Pujehun";"Perri";"FALABA";"FALABA PHU";"6";"PHU";"7.4208750000000006";"-11.530463333333334";"99.2";"New borehole with submersible pump";6,5;NA;0,15;0,05;0,18;1,9;0,36;0,8;11;0,01;16,7;0;18;34,1;"03808";"Intermediate Risk / Probably Safe";"2";"6.32";7
"qwb8-dvq7-f7qu";"Southern";"Pujehun";"Barri";"TANBAYAMA";"TANBAYAMA PHU";"6";"PHU";"7.472086666666667";"-11.514078333333336";"72.2";"New borehole with submersible pump";6,5;NA;0,27;0,05;0,1;1;0,08;0,7;5;0,02;8,9;0;11;33,2;"03809";"Intermediate Risk / Probably Safe";"2";"6.32";4
"s7xw-dbwh-apjk";"Southern";"Moyamba";"Dasse";"KENEMA GBANDOMA";"MCHP KENEMA GBANDOMA";"4";"PHU";"8.08671365";"-12.12180564";"104.0";"New hand dug well with submersible pump";7,2;NA;0,05;0,05;0,08;7,6;0,05;7,8;30;0,01;NA;16;198;31,5;"03689";"High Risk / Probably Unsafe";"48.3";"351.91";2
"pt6s-u7ut-y76p";"Southern";"Moyamba";"Dasse";"BAMBUIBU TOMMY";"MCHP NAMBUIBU TOMMY";"4";"PHU";"7.98021407";"-12.16218645";"93.0";"Rehabilitated hand dug well with submersible pump";6,5;NA;0,06;0,05;0,03;2,5;0,08;1;5;0,01;NA;0;21;31,8;"03688";"Low Risk / Safe";"0";"2.87";2
"amju-5hd9-ha8q";"Southern";"Pujehun";"Makpele";"ZIMMI TOWN";"ZIMMI SECONDARY SCHOOL";"6";"School";"7.311653333333334";"-11.316525000000002";"86.3";"New borehole - handpump";6,5;NA;0,13;0,05;0,08;1;0,05;5,2;20;0,01;12,8;9;15;30,3;"03852";"Low Risk / Safe";"0";"2.87";2
"cb9w-mvtj-4gte";"Southern";"Moyamba";"Dasse";"TANINIHUN KAPUIMA";"RC PRIMARY SCHOOL TANINIHUN KAPUIMA";"3";"School";"8.00431191";"-12.2298065";"85.0";"Rehabilitated hand dug well - handpump";6,5;5,65;0,06;NA;0,05;NA;0,05;0,7;82;0,01;NA;7;30;32,7;"03691";"Low Risk / Safe";"0";"2.87";2
"b7vk-8ttu-70cd";"Southern";"Moyamba";"Kongbora";"MOKOREWO";"EDC CENTRE MOKOREWO";"3";"School";"8.18994313";"-12.52668241";"82.0";"New hand dug well - handpump";7,19;6,8;0,17;NA;0,49;NA;0,14;5,9;73;0,01;NA;9;277;33,9;"03693";"Intermediate Risk / Probably Safe";"1.1";"5.16";1
"eg35-nbwq-sm97";"North Western";"Port Loko";"Masimera";"KONTA LINE";"KONTA LINE CHP";"8";"PHU";"8.48597618";"-12.54606579";"119.0";"New borehole with submersible pump";6,5;5,67;0,11;0,05;0,02;1,8;0,05;0,6;5;0,01;NA;0;13;30,4;"03467";"Intermediate Risk / Possibly Safe";"3.2";"11.82";2
"m25f-fff2-ja9t";"North Western";"Port Loko";"Koya";"WAREMA";"WAREMA WATER POINT I";"8";"Community water point";"8.4888699";"-12.63899813";"70.0";"Rehabilitated hand dug well - handpump";6,5;5,52;0,1;0,27;0,03;2,8;0,07;0,6;12;0,01;NA;0;27;31,5;"03465";"Intermediate Risk / Possibly Safe";"4.7";"22.75";4
"xmbw-hqpf-8f7n";"North Western";"Port Loko";"Koya";"WAREMA";"WAREMA POINT II BY RC PRIMARY SCHOOL";"8";"Community water point";"8.49001983";"-12.63254968";"128.0";"Rehabilitated hand dug well - handpump";7,08;6,72;0,02;0,05;0,02;4,2;0,06;0,7;10;0,01;NA;6;153;33,5;"03466";"Intermediate Risk / Probably Safe";"1.5";"7.81";5
"wb9q-p8we-hmwj";"Northern";"Koinadugu";"Wara Wara Bafodia";"KAMNINKIE";"PROTECTED SPRING BOX";"7";"Community water point";"9.696893333333332";"-11.762384999999998";"474.7";"Rehabilitate spring box";6,5;NA;0,03;0,05;0,02;1;0,1;0,6;61;0,01;NA;0;2,92;0;"00436";"Low Risk / Safe";"0";"2.87";5
"q60j-qnjc-y3w6";"Northern";"Koinadugu";"Wara Wara Yagala";"KONKOYA";"DEC PRI. SCH.WELL";"3";"School";"9.520045000000001";"-11.579711666666666";"395.1";"Rehabilitated hand dug well - handpump";7,72;NA;0,14;0,14;0,02;5,6;0,05;0,7;5;0,01;NA;6;29,3;20,1;"06074";"Intermediate Risk / Possibly Safe";"3.4";"12.53";4
"7m9c-08gb-apk8";"Northern";"Koinadugu";"Diang";"BENDUKORO";"COMMUNITY WELL";"3";"Community water point";"9.45294";"-11.562368333333332";"387.3";"Rehabilitated hand dug well - handpump";6,5;NA;0,02;0,05;0,02;27;0,06;11,3;59;0,01;NA;0;2,35;28,4;"06079";"Low Risk / Safe";"0";"2.87";1
"8b74-ytf9-p4dx";"Southern";"Pujehun";"Soro Gbema";"FAIRO";"FAIRO AHMADIYYA PRIMARY SCHOOL";"6";"School";"7.094565";"-11.406874999999998";"-1.6";"Rehabilitated hand dug well - handpump";6,73;NA;0,18;0,05;0,18;2,5;0,3;1,1;18;0,01;5,3;0;116;30,8;"03832";"Intermediate Risk / Possibly Safe";"4.7";"22.75";7
"n58y-7ehf-1ue";"Southern";"Pujehun";"Yakemu Kpukumu";"KOMBEIMA";"KOMBEIMA PHU";"6";"PHU";"7.225686666666666";"-11.65643";"68.8";"New borehole with submersible pump";6,5;NA;0,13;0,12;0,39;1;0,29;3;100;0,01;4,9;0;92;28,3;"03849";"Low Risk / Safe";"0";"2.87";2
"m2ae-j5rc-uw9j";"Southern";"Pujehun";"Galliness";"FUNYEHUN";"FUNYEHUN PHU";"6";"PHU";"7.102438333333334";"-11.594203333333333";"45.7";"Rehabilitated hand dug well - handpump";6,5;NA;0,11;0,05;0,11;2,3;0,48;3,3;38;0,01;7,9;21;29,6;22;"03850";"Intermediate Risk / Possibly Safe";"3.2";"11.82";9
"k89h-g6yn-aw26";"Southern";"Moyamba";"Ribbi";"BANDAJUMA";"MDEC PRIMARY SCHOOL BANDAJUMA";"3";"School";"8.28641705";"-12.71344965";"49.0";"New hand dug well - handpump";6,5;6,3;0,12;0,25;0,11;NA;0,08;6,1;29;0,01;NA;0;144;31,1;"03695";"Low Risk / Safe";"0";"2.87";1
"grcy-bg2x-qfx8";"Southern";"Pujehun";"Kpaka";"SUMBUYA BESSIMA";"SUMBUYA BESSIMA PHU";"6";"PHU";"7.18544";"-11.672424999999999";"-17.4";"New borehole with submersible pump";6,88;NA;0,19;0,29;0,34;1;0,56;4,2;15;0,01;7,2;0;208;28,5;"03851";"Low Risk / Safe";"0";"2.87";1
"27pu-79y3-s5jk";"Southern";"Moyamba";"Ribbi";"FOYA COMMUNITY";"FOYA";"3";"Community water point";"8.29185145";"-12.77993976";"28.0";"Rehabilitated hand dug well - handpump";6,5;6,08;0,03;0,25;0,19;NA;0,15;0,9;42;0,01;NA;18;66;32,8;"03696";"High Risk / Possibly Unsafe";"13.6";"83.06";1
"6hmm-17tm-04q0";"Southern";"Moyamba";"Ribbi";"MONEREH COMMUNITY";"MONEREH";"3";"Community water point";"8.28372848";"-12.79474754";"60.0";"Rehabilitated hand dug well - handpump";6,5;5,2;0,04;0,21;0,02;NA;0,05;0,7;50;0,01;NA;0;19;32,6;"03697";"Low Risk / Safe";"0";"2.87";1
"1pdm-388t-uaae";"Southern";"Moyamba";"Ribbi";"ROWAL COMMUNITY";"ROWAL";"3";"Community water point";"8.27214395";"-12.81678144";"45.0";"Rehabilitated hand dug well - handpump";6,5;5,2;0,04;0,25;0,15;NA;0,05;4,7;56;0,01;NA;0;85;31,8;"03694";"Low Risk / Safe";"0";"2.87";1
"my0v-gbpe-dg1f";"Southern";"Moyamba";"Ribbi";"MOFAINGERE";"EMPS MOFAINGERE";"3";"School";"8.24839882";"-12.87584533";"44.0";"Rehabilitated hand dug well - handpump";NA;NA;NA;NA;NA;NA;NA;NA;NA;NA;NA;NA;255;31,3;"03692";"Intermediate Risk / Possibly Safe";"4.7";"22.75";1
"8x3n-7u7e-wtbj";"Southern";"Moyamba";"Ribbi";"MOFAINGERE COMMUNITY";"MOFAINGERE";"3";"Community water point";"8.24692907";"-12.87830897";"33.0";"Rehabilitated hand dug well - handpump";NA;NA;NA;NA;NA;NA;NA;NA;NA;NA;NA;NA;34;30,2;"03690";"Intermediate Risk / Possibly Safe";"4.7";"22.75";2
"yymy-mvm9-x5q5";"Northern";"Koinadugu";"Nieni";"KULANKO";"COMMUNITY WELL";"7";"Community water point";"9.271356666666666";"-11.360803333333335";"1154.8";"New borehole - handpump";6,5;NA;0,03;0,09;1;1;0,44;1,1;5;0,01;NA;16;2,97;7,3;"06077";"Low Risk / Safe";"0";"2.87";3
"8gqa-371n-etwg";"Northern";"Koinadugu";"Kalian";"BOREKORO";"MCA PRI. SCH. WELL";"7";"School";"9.11216";"-11.42557";"398.8";"Rehabilitated hand dug well - handpump";6,75;NA;0,04;0,05;0,02;4,3;0,05;5;14;0,01;NA;0;2,77;1,07;"06078";"Low Risk / Safe";"0";"2.87";2
"ua07-69x2-49d4";"North Western";"Port Loko";"Kamasondo";"MALAP";"KANKAYLAY ISLAMIC PRIMARY SCHOOL";"WASH engineer";"School";"8.61041497";"-12.95867734";"17.0";"Rehabilitated hand dug well - handpump";7,36;6,8;0,1;0,05;0,02;1;0,08;0,8;5;0,01;NA;0;223;32;"02171";"Very High Risk / Unsafe";">100";"9435.1";4
"c0us-8mrm-fyn8";"Southern";"Bo";"Kakua";"UMOM TOWN";"UMOM TOWN  BDEC PRIMARY  SCHOOL";"1";"School";"7.957883333333332";"-11.722416666666668";"79.4";"New hand dug well - handpump";6,59;6,41;0,02;0,05;0,03;6,1;0,05;0,8;5;0,01;NA;0;92;28,7;"03421";"High Risk / Possibly Unsafe";"13.6";"83.06";2
"85u5-1qpr-2sfh";"North Western";"Port Loko";"Lokomasama";"ROWULLAH";"DEC PRIMARY SCHOOL";"8";"School";"8.71483835";"-13.0339127";"84.0";"New hand dug well - handpump";6,91;6,79;0,19;0,05;0,04;1;0,94;0,7;5;0,01;NA;0;101;37;"02172";"Intermediate Risk / Probably Safe";"1";"4.74";4
"pfjx-1wyx-eaed";"North Western";"Port Loko";"Lokomasama";"INDIYA JUNCTION";"DARESALAM";"8";"Community water point";"8.7101028";"-13.05001786";"109.0";"New hand dug well - handpump";6,5;6,23;0,04;0,05;0,05;1;0,05;0,6;5;0,01;NA;0;40;31,9;"02173";"Intermediate Risk / Possibly Safe";"4.7";"22.75";4
"459m-7d7b-2q60";"Southern";"Moyamba";"Ribbi";"MALAMINA";"EMPS MALAMINA";"3";"School";"8.30117145";"-12.81387831";"55.0";"New hand dug well - handpump";6,5;6,41;0,08;0,17;0,1;NA;0,05;0,8;5;0,01;NA;0;73;32,4;"03705";"Low Risk / Safe";"0";"2.87";1
"uefp-pusc-es78";"North Western";"Port Loko";"Makama";"ROGBOM";"OPPOSITE THE COMMUNITY MOSQUE";"8";"Community water point";"8.81363729";"-12.61894176";"89.0";"New hand dug well - handpump";6,63;6,45;0,05;0,18;0,13;1,1;0,05;0,9;5;0,02;NA;0;89;31,2;"03469";"Low Risk / Safe";"0";"2.87";3
"gnsx-kcca-hqx1";"Southern";"Moyamba";"Kaiyamba";"LEKPEYAMA";"LEKPEYAMA COMMUNITY";"4";"Community water point";"8.18832299";"-12.4214002";"104.0";"Rehabilitated hand dug well - handpump";6,5;5,56;0,02;0,21;0,08;NA;0,06;0,7;19;0,01;NA;0;29;30,2;"03711";"Low Risk / Safe";"0";"2.87";1
"tj70-pnsr-txad";"Southern";"Pujehun";"Sowa";"UPPER KOMENDE";"UPPER KOMENDE PHU";"6";"PHU";"7.622596666666667";"-11.616453333333334";"67.3";"New borehole with submersible pump";6,5;NA;0,09;0,05;0,1;1,7;0,15;1,1;13;0,01;8,6;0;34;32,8;"03848";"Intermediate Risk / Probably Safe";"2";"6.32";4
"aypy-ane2-sjqv";"Northern";"Tonkolili";"Kholifa Rowala";"MAGBURAKA";"MAGBURAKA HIGHWAY";"10";"Community water point";"8.720239999999999";"-11.934756666666665";"95.6";"Rehabilitated hand dug well - handpump";NA;NA;NA;NA;NA;NA;NA;NA;NA;NA;NA;NA;20;21,3;"05176";"High Risk / Possibly Unsafe";"13.6";"83.06";3
"ahdn-tgp3-8732";"Northern";"Tonkolili";"Yoni Mabanta";"MAKOMBO VILLAGE";"MAKOMBO WATER POINT";"10";"Community water point";"8.398016666666667";"-12.482553333333332";"95.6";"New hand dug well - handpump";6,5;5,79;0,15;NA;0,14;1;0,05;13,3;39;0,01;NA;0;36;29,9;"02026";"Very High Risk / Unsafe";">100";"9435.1";2
"64ne-sta8-tqgm";"Northern";"Tonkolili";"Yoni Mabanta";"ROWAN VILLAGE";"ROWAN WATER WELL";"10";"Community water point";"8.414985";"-12.473078333333335";"92.8";"New hand dug well - handpump";6,5;5,76;0,16;NA;0,29;1;0,05;0,7;32;0,01;NA;0;73;32,1;"02021";"High Risk / Probably Unsafe";"48.3";"351.91";0
"r096-tkvc-hcjw";"Northern";"Tonkolili";"Yoni Mabanta";"ROYANKA";"ROYANKA VILLAGE";"10";"Community water point";"8.423058333333334";"-12.48936";"72.1";"New hand dug well - handpump";6,63;6,37;0,15;NA;0,15;1;0,31;0,7;32;0,01;NA;0;45;34;"02027";"High Risk / Possibly Unsafe";"13.6";"83.06";1
"5000-fkvu-y6s8";"Northern";"Tonkolili";"Yoni Mabanta";"ROPET VILLAGE";"ISLAMIC DAAWAH WATER POINT";"10";"School";"8.452713333333332";"-12.483023333333332";"46.9";"New hand dug well - handpump";6,5;5,2;0,21;NA;0,22;1,5;0,05;7,2;62;0,01;NA;0;178;31,5;"02028";"Very High Risk / Unsafe";">100";"9435.1";1
"8u7j-342n-kt6d";"Northern";"Tonkolili";"Yoni Mabanta";"ROKIMBIE VILLAGE";"ROKIMBIE WATER POINT";"10";"Community water point";"8.318911666666667";"-12.485703333333333";"62.0";"New hand dug well - handpump";6,5;5,39;0,17;NA;0,22;1,3;0,21;1,4;14;0,01;NA;0;6;30,7;"02017";"High Risk / Probably Unsafe";"48.3";"351.91";0
"ndkn-qrkj-8y4w";"Northern";"Tonkolili";"Kholifa Rowala";"MAMAL VILLAGE";"MAMAL WATER POINT";"10";"Community water point";"8.320381666666666";"-12.498263333333334";"69.6";"New hand dug well - handpump";6,5;5,74;0,22;NA;0,12;NA;0,14;0,9;43;0,05;NA;0;23;28,7;"02025";"Very High Risk / Unsafe";">100";"9435.1";3
"57s8-c183-7kgy";"Northern";"Tonkolili";"Yoni Mabanta";"MAYANGBA 2,  VILLAGE.";"MAYANGBA 2 WATER POINT";"10";"Community water point";"8.318643333333334";"-12.511524999999999";"53.0";"New hand dug well - handpump";6,5;5,73;0,28;NA;0,25;1,9;0,05;0,9;54;0,01;NA;0;76;28,2;"02018";"Very High Risk / Unsafe";">100";"9435.1";3
"rmj2-fvns-up4";"Northern";"Tonkolili";"Yoni Mamaila";"BONKABABAY";"BONKABABAY PHU WATER POINT";"10";"PHU";"8.358828333333333";"-12.212703333333332";"92.3";"New borehole with submersible pump";6,51;6,6;0,16;NA;0,12;NA;0,05;0,8;30;0,01;NA;0;48;32;"02019";"High Risk / Possibly Unsafe";"13.6";"83.06";1
"quqf-thqg-8nfu";"Northern";"Tonkolili";"Yoni Mamaila";"ROCHEN";"ROCHEN PHU WATER POINT";"10";"PHU";"8.39683";"-12.181461666666667";"98.2";"New hand dug well with submersible pump";6,5;5,26;0,13;NA;0,03;NA;0,12;5,7;18;0,01;NA;0;10;33,3;"02022";"Low Risk / Safe";"0";"2.87";1
"8rn0-6x2t-edv1";"Northern";"Tonkolili";"Yoni Mamaila";"YONI MABALA";"YONI MABALA PHU WATER POINT";"10";"PHU";"8.439573333333334";"-12.243548333333335";"91.6";"New hand dug well - handpump";7,45;5,2;0,22;NA;0,23;NA;0,08;0,6;16;0,01;NA;0;277;32,3;"02020";"Very High Risk / Unsafe";">100";"9435.1";0
"7f8t-w7ap-1va8";"Eastern";"Kenema";"Lower Bambara";"PANGUMA";"RC PANGUMA WATER POINT";"4";"School";"8.182193333333334";"-11.136688333333332";"277.7";"New hand dug well - handpump";6,52;6,33;0,05;0,05;0,22;5,1;0,12;0,7;9;0,01;NA;0;150;30,9;"03933";"Low Risk / Safe";"0";"2.87";1
"4c6c-y7mv-5pfq";"Eastern";"Kenema";"Lower Bambara";"BUIMA";"UMA PRIMARY WATER POINT";"5";"School";"8.213959999999998";"-11.056119999999998";"249.2";"New hand dug well - handpump";7,13;6,8;0,02;0,57;0,11;NA;0,06;16;5;0,5;NA;0;517;29,6;"03934";"Intermediate Risk / Possibly Safe";"4.7";"22.75";1
"kr4g-05mk-q6v3";"Eastern";"Kenema";"Lower Bambara";"NJAGBAHUN";"NJAGBAHUN MCHP";"4";"PHU";"8.24935";"-11.058988333333332";"217.8";"New borehole with submersible pump";6,5;6,25;0,08;0,53;0,14;NA;0,19;0,7;5;0,01;NA;0;91;28,6;"03924";"Low Risk / Safe";"0";"2.87";1
"1nvw-5dsy-sm7x";"Eastern";"Kenema";"Lower Bambara";"LANDOMA";"LANDOMA WATER POINT";"4";"Community water point";"8.236780000000001";"-11.051888333333332";"206.3";"New hand dug well - handpump";6,5;5,88;0,04;0,5;0,16;NA;0,05;0,6;5;0,01;NA;0;101;30;"03925";"Low Risk / Safe";"0";"2.87";1
"65vf-7h1j-pa4b";"Eastern";"Kenema";"Lower Bambara";"MAMBOMA";"MAMBOMA WATER POINT";"4";"Community water point";"8.161951666666665";"-11.0596";"243.7";"New hand dug well - handpump";6,63;6,54;0,07;0,84;0,07;NA;0,45;3;47;0,01;NA;0;217;30,6;"03926";"High Risk / Probably Unsafe";"48.3";"351.91";1
"9svy-va1v-ejtu";"Northern";"Bombali";"Makari";"PUNTHUN COMMUNITY";"HAND DUG WELL";"1";"Community water point";"8.9298464";"-12.1433766";"116.0";"Rehabilitated hand dug well - handpump";6,79;6,71;0,09;0,16;0,1;4,5;0,14;0,6;10;0,01;0,5;0;108;31;"05005";"Intermediate Risk / Possibly Safe";"4.7";"22.75";1
"v55p-tj85-7gt6";"Northern";"Bombali";"Makari";"MANGAY LOKO CHP";"HAND DUG WELL";"1";"PHU";"8.919140920042992";"-12.085782196372747";"120.0";"Rehabilitated hand dug well with submersible pump";6,5;5,44;0,18;0,05;0,07;NA;0,14;0,6;71;0,01;0,5;0;15;31,5;"05006";"High Risk / Possibly Unsafe";"13.6";"83.06";1
"y5wt-vray-k4vh";"Northern";"Bombali";"Makari";"MANGAY LOKO";"HAND DUG WELL";"1";"Community water point";"8.920292677357793";"-12.087918492034078";"130.0";"Rehabilitated hand dug well - handpump";6,5;5,98;0,18;0,05;0,15;NA;0,08;0,7;73;0,01;0,5;0;11;32,5;"05007";"High Risk / Possibly Unsafe";"13.6";"83.06";1
"vmdk-q6f6-mch4";"Northern";"Bombali";"Bombali Sebora";"MASORY";"HAND DUG WELL";"1";"School";"8.710171189159155";"-12.098097810521722";"120.0";"New hand dug well - handpump";6,77;6,69;0,13;0,33;0,17;NA;0,1;3;20;0,01;0,5;0;22;31,6;"05062";"Low Risk / Safe";"0";"2.87";1
"n2su-27d2-xx3e";"Northern";"Bombali";"Bombali Sebora";"ROBAT";"HAND DUG WELL";"1";"School";"8.790408507920802";"-12.062598774209619";"109.0";"Rehabilitated hand dug well - handpump";6,5;5,2;0,02;0,05;0,02;NA;0,05;7;100;0,01;0,5;0;161;32,8;"05061";"Low Risk / Safe";"0";"2.87";1
"q48s-mkmh-220f";"Northern";"Bombali";"Bombali Sebora";"ROBAT";"HAND DUG WELL";"1";"PHU";"8.791484534740448";"-12.060843938961625";"107.0";"Rehabilitated hand dug well with submersible pump";6,5;5,2;0,2;0,05;0,04;NA;0,14;5,2;75;0,01;0,5;0;129;32,7;"05058";"High Risk / Probably Unsafe";"32.6";"145.55";2
"pwb6-rc33-kmxw";"Northern";"Bombali";"Bombali Sebora";"PAT BANA MARANK";"HAND  DUG WELL";"1";"PHU";"8.8402239";"-12.0299969";"128.0";"New hand dug well with submersible pump";6,85;6,8;0,13;0,05;0,03;NA;0,08;0,7;5;0,01;0,5;0;74;33;"05059";"Low Risk / Safe";"0";"2.87";1
"5v4d-6r2n-fmxw";"North Western";"Kambia";"Tonko Limba";"MILE 14";"R.C MILE 14";"9";"School";"9.238982558084674";"-12.79941114871418";"94.6039853641764";"Rehabilitated hand dug well - handpump";6,68;NA;0,07;0,05;0,21;1;0,05;4,8;5;0,01;4,3;8;338;27,9;"03475";"Very High Risk / Unsafe";">100";"9435.1";3
"wfs4-2v4g-s2yu";"North Western";"Kambia";"Tonko Limba";"MILE 14";"MILE 14 MCHP";"9";"PHU";"9.236404222920097";"-12.80325986396428";"95.06983950437356";"Rehabilitated hand dug well with submersible pump";6,5;NA;0,03;2;0,12;1;0,05;0,6;21;0,01;5,1;0;34;29,6;"03476";"Low Risk / Safe";"0";"2.87";1
"mmau-bkue-jxru";"North Western";"Kambia";"Khonimaka";"KONTA";"KDEC SCHOOL";"9";"School";"9.54573724247105";"-12.626250093297594";"67.7062289974447";"New hand dug well - handpump";6,85;NA;0,04;0,05;0,06;1;0,2;0,7;34;0,01;6;0;154;30,2;"03477";"Low Risk / Safe";"0";"2.87";2
"hbds-s8e6-usvq";"North Western";"Kambia";"Khonimaka";"KONTA";"KONTA MCHP";"9";"PHU";"9.545490942535501";"-12.627548316684525";"57.22992297196011";"Rehabilitated hand dug well with submersible pump";6,9;NA;0,05;0,05;0,26;1;0,29;0,6;14;0,01;6,5;0;149;29,9;"03478";"Low Risk / Safe";"0";"2.87";1
"dr8t-qb8k-jyp";"North Western";"Kambia";"Magbema";"MODIA LINE";"MODIA COMMUNITY WATER POINT";"9";"Community water point";"9.184623696193379";"-12.876605691082057";"76.57444721960069";"New borehole with submersible pump";7,26;NA;0,05;0,05;0,43;1;0,17;0,9;22;0,01;3,5;0;279;31;"03479";"High Risk / Probably Unsafe";"48.3";"351.91";1
"ncx1-u23v-kc0k";"North Western";"Kambia";"Magbema";"MODIA";"AHMADIYYA PRIMARY SCHOOL.";"9";"School";"9.188243546902287";"-12.877412304090884";"83.26369014267222";"Rehabilitated hand dug well - handpump";6,8;NA;0,17;2;0,02;1;0,05;0,7;33;0,01;4,7;0;183;29,3;"03480";"Low Risk / Safe";"0";"2.87";2
"fecg-rxk6-kdff";"Southern";"Pujehun";"Sowa";"GEOMA";"ST MARY PRIMARY SCHOOL GEOMA";"6";"School";"7.509098333333332";"-11.694348333333334";"-58.0";"New borehole - handpump";6,5;5,96;0,1;0,94;0,12;3,4;0,11;0,7;48;0,01;5,7;0;38;31,4;"03810";"Intermediate Risk / Probably Safe";"1.2";"5.64";7
"e3pt-qb3k-cq3f";"North Western";"Kambia";"Khonimaka";"BARAKUYA";"BARAKUYA MCHP";"9";"PHU";"9.4583158989164";"-12.639562084262943";"62.143361709657945";"Rehabilitated hand dug well with submersible pump";6,73;NA;0,02;2;0,24;1;0,07;0,7;48;0,01;5,4;0;138;29,7;"03481";"Low Risk / Safe";"0";"2.87";1
"9bc1-hwr4-827r";"North Western";"Kambia";"Khonimaka";"BARAKUYA";"KDC";"9";"School";"9.461192632644897";"-12.64018184094627";"98.7442345476975";"New hand dug well - handpump";6,5;NA;0,05;0,05;0,05;1;0,13;0,7;12;0,01;9,3;0;59;30,8;"03482";"Intermediate Risk / Probably Safe";"1.5";"7.81";2
"3c0c-7vxc-vdr8";"North Western";"Kambia";"Magbema";"KAMBIA TOWN";"SLMB PRIMARY SCHOOL";"9";"School";"9.121367040513213";"-12.915289124212812";"51.91253471457568";"Rehabilitated hand dug well - handpump";6,5;NA;0,06;0,05;0,13;1;0,05;0,7;31;0,01;15,4;0;69;31;"03483";"High Risk / Possibly Unsafe";"13.6";"83.06";1
"y7tr-801j-u7rg";"North Western";"Kambia";"Bramaia";"KAMANGO";"KAMANGO WATER POINT";"9";"Community water point";"9.276887913929787";"-12.766547821338758";"64.54946757045192";"Rehabilitated hand dug well - handpump";6,5;NA;0,05;0,05;0,09;1;0,05;2,5;43;0,01;9;0;44;30,9;"03484";"Intermediate Risk / Probably Safe";"1.5";"7.81";2
"bj42-gyr8-8wc7";"Eastern";"Kenema";"Koya";"BONGOR";"MCHP WATER POINT";"5";"PHU";"7.6097616666666665";"-11.289526666666665";"102.0";"Rehabilitated hand dug well with submersible pump";6,5;6,43;0,06;0,61;0,12;NA;0,05;0,6;5;0,01;NA;0;72;35,1;"03927";"High Risk / Probably Unsafe";"32.6";"145.55";1
"66ny-108m-j5mw";"Eastern";"Kenema";"Koya";"NYANDEHUN";"UMA PRIMARY SCH WATER POINT";"5";"School";"7.608203333333334";"-11.245165000000002";"155.3";"New hand dug well - handpump";6,5;6,36;0,04;0,78;0,11;NA;NA;0,7;5;0,01;NA;0;120;31,8;"03941";"Low Risk / Safe";"0";"2.87";1
"aky6-3128-kgem";"Eastern";"Kenema";"Koya";"BONGOR";"KMDEC WATER POINT";"5";"School";"7.609113333333333";"-11.290006666666667";"77.5";"New hand dug well - handpump";6,5;5,91;0,02;0,49;0,09;NA;0,05;0,6;82;NA;NA;0;33;30,9;"03861";"Low Risk / Safe";"0";"2.87";1
"789u-78ex-ws8n";"Eastern";"Kenema";"Koya";"NYANDEHUN";"MCHP WATER POINT";"5";"PHU";"7.608863333333333";"-11.247656666666668";"154.5";"Rehabilitated hand dug well with submersible pump";6,5;5,31;0,03;0,05;0,11;NA;0,06;6,8;5;0,01;NA;0;146;34,5;"03940";"Low Risk / Safe";"0";"2.87";1
"f4ug-rryg-wgj4";"Eastern";"Kenema";"Koya";"DIAMA";"SLMC PRI SCH WATER POINT";"5";"School";"7.7838";"-11.218580000000001";"137.4";"New hand dug well - handpump";6,59;6,33;0,05;0,42;0,14;NA;0,05;0,8;5;0,01;NA;0;129;31,1;"03931";"High Risk / Probably Unsafe";"48.3";"351.91";1
"f63k-k4p0-abqd";"Eastern";"Kenema";"Koya";"KORTUMAHUN";"CHARITABLE COMMUNITY PRIMARY SCHOOL WATER POINT";"5";"School";"7.761889999999999";"-11.23652";"133.6";"New hand dug well - handpump";6,5;6;0,04;1,3;0,1;NA;0,08;0,6;5;0,01;NA;0;76;30,9;"03930";"Low Risk / Safe";"0";"2.87";2
"xbra-3qtq-ymu0";"Eastern";"Kenema";"Dama";"DIAMEI";"DIAMEI MCHP WATER POINT";"5";"PHU";"7.727421666666667";"-11.143058333333332";"244.0";"New borehole with submersible pump";6,5;5,86;0,02;1,14;0,03;NA;0,06;2,1;21;0,01;NA;0;104;29,9;"03932";"Very High Risk / Unsafe";">100";"9435.1";1
"enp8-jvxy-5m77";"Eastern";"Kenema";"Dama";"PATAMA";"PATAMA MCHP WATER POINT";"5";"PHU";"7.757486666666667";"-11.07955";"146.1";"Rehabilitated hand dug well with submersible pump";6,5;5,68;0,06;0,63;0,08;NA;0,12;0,7;5;0,01;NA;0;131;28,5;"03928";"High Risk / Possibly Unsafe";"13.6";"83.06";1
"vejv-p6an-ctw4";"Northern";"Koinadugu";"Diang";"KOMONKALIA VILLAGE";"MCA PRI. SCH. WELL";"3";"School";"9.172941666666667";"-11.446383333333332";"397.2";"Rehabilitated hand dug well - handpump";6,5;NA;0,02;0,05;0,02;10,4;0,05;5,4;5;0,01;NA;0;32,1;13,2;"00437";"Low Risk / Safe";"0";"2.87";2
"yucv-ad95-39fp";"Northern";"Koinadugu";"Diang";"NYANWELIA VILLAGE";"MCA PRI. SCH WELL";"3";"School";"9.209675";"-11.460196666666665";"433.9";"Rehabilitated hand dug well - handpump";6,5;NA;0,02;0,05;0,02;1;0,05;0,7;5;0,01;NA;0;33,6;3,8;"00441";"High Risk / Possibly Unsafe";"13.6";"83.06";1
"rpck-n3p0-h04t";"Northern";"Koinadugu";"Diang";"KAMARON VILLAGE";"MCHP";"3";"PHU";"9.310091666666667";"-11.495776666666666";"278.5";"Rehabilitated borehole with submersible pump";7,84;NA;0,05;0,05;0,04;1;0,16;0,7;5;0,01;NA;11;32,7;14,9;"00442";"High Risk / Possibly Unsafe";"13.6";"83.06";0
"suqs-g4ym-h324";"Northern";"Koinadugu";"Diang";"KAMARON VILLAGE";"RC SCH. WELL";"3";"School";"9.310678333333334";"-11.496984999999999";"352.8";"New hand dug well - handpump";6,5;NA;0,02;0,05;0,11;NA;0,05;0,7;5;0,02;NA;0;32,3;4,5;"00440";"Low Risk / Safe";"0";"2.87";0
"3yg9-umjq-qeub";"Northern";"Koinadugu";"Diang";"BADALA VILLAGE";"MCHP WELL";"3";"PHU";"9.319301666666666";"-11.541865";"332.8";"Rehabilitated borehole with submersible pump";8,05;NA;0,05;NA;0,02;NA;0,05;3;5;0,01;NA;8;33,6;10,4;"00439";"Low Risk / Safe";"0";"2.87";1
"ebgy-9udu-gvbq";"Northern";"Koinadugu";"Diang";"KONDEMBAIA COMMUNITY";"ST. PETERS PRI. SCH. WELL";"3";"School";"9.381758333333332";"-11.565381666666667";"444.7";"Rehabilitated hand dug well - handpump";7,27;NA;0,06;NA;0,02;NA;0,09;1,1;59;0,01;NA;0;34,6;13,2;"00438";"Low Risk / Safe";"0";"2.87";0
"kyj7-cge5-n2t1";"Northern";"Koinadugu";"Diang";"MADINA";"RC PRI. SCH. WELL";"3";"School";"9.431506666666667";"-11.562998333333333";"361.6";"Rehabilitated hand dug well - handpump";7,61;NA;0,55;NA;0,06;NA;0,05;16;26;0,02;0,5;16;34,7;17,1;"00443";"Intermediate Risk / Possibly Safe";"3.4";"12.53";0
"sqmv-us4u-fb3h";"Southern";"Moyamba";"Kaiyamba";"GENDAMA";"SCHOOL";"4";"School";"8.20406402";"-12.43855576";"79.0";"New hand dug well - handpump";6,57;6,31;0,05;0,21;0,02;NA;0,05;0,6;5;0,01;NA;0;79;29,9;"03783";"Intermediate Risk / Possibly Safe";"3.4";"12.53";1
"pj1c-5ncu-bw8n";"Southern";"Moyamba";"Kaiyamba";"GBAHAMA";"GBAHAMA COMMUNITY WELL";"4";"Community water point";"8.08567888";"-12.36936858";"82.0";"New hand dug well - handpump";6,5;6,22;0,09;0,24;0,02;1;0,05;0,6;36;0,01;NA;0;71;29,4;"03792";"Intermediate Risk / Probably Safe";"1.1";"5.16";1
"bq7r-v851-f1xe";"Northern";"Koinadugu";"Diang";"ISSAIA";"ISSAIA COMMUNITY WELL";"3";"PHU";"9.305298333333333";"-11.547715000000002";"142.1";"Rehabilitated hand dug well - handpump";6,5;NA;0,04;0,05;0,02;NA;0,1;7,9;5;0,03;NA;0;30,6;13,7;"06063";"Intermediate Risk / Possibly Safe";"4.7";"22.75";1
"d0by-2ptc-dy7r";"Northern";"Koinadugu";"Diang";"KANIA";"CHP";"3";"PHU";"9.210706666666665";"-11.609364999999999";"411.6";"Rehabilitated hand dug well with submersible pump";6,71;NA;0,08;0,05;0,12;NA;0,05;0,8;5;0,01;NA;0;31,3;2,6;"06065";"Intermediate Risk / Probably Safe";"1.5";"7.81";2
"e14f-wmmc-ce62";"Western";"Western Area Rur";"York Rural";"TOMBO";"TOMBO GRAVITY SOURCE";"3";"Community water point";"8.226660380179412";"-13.108830418744775";"-69.4744976825526";"Rehabilitate spring box";6,5;5,2;0,4;0,05;0,88;9,2;0,1;1,1;100;0,01;12;0;5;29,2;"02032";"Very High Risk / Unsafe";">100";"9435.1";4
